이름,지역,클래스,카테고리,세부분류
CGV,경상북도,장소,문화시설,CGV
CGV,경상남도,장소,문화시설,CGV
메가박스,충청북도,장소,문화시설,메가박스
제물포극장,인천광역시,장소,문화시설,일반극장/영화관
국도복합영화관,전라북도,장소,문화시설,일반극장/영화관
예당시네마,경상북도,장소,문화시설,일반극장/영화관
안동극장,경상북도,장소,문화시설,일반극장/영화관
가고파극장,대구광역시,장소,문화시설,일반극장/영화관
아카데미극장,강원도,장소,문화시설,일반극장/영화관
선사시네마,대전광역시,장소,문화시설,일반극장/영화관
석계극장,서울특별시,장소,문화시설,일반극장/영화관
옥포극장,경상남도,장소,문화시설,일반극장/영화관
아리랑시네센터,서울특별시,장소,문화시설,일반극장/영화관
동보극장,부산광역시,장소,문화시설,일반극장/영화관
다모아극장,대전광역시,장소,문화시설,일반극장/영화관
명성극장,경상북도,장소,문화시설,일반극장/영화관
명보극장,충청남도,장소,문화시설,일반극장/영화관
경동극장,경상남도,장소,문화시설,일반극장/영화관
시네마월드,전라남도,장소,문화시설,일반극장/영화관
세종극장,경기도,장소,문화시설,일반극장/영화관
낙원극장,서울특별시,장소,문화시설,일반극장/영화관
귀빈극장,경상북도,장소,문화시설,일반극장/영화관
대백예술극장,대구광역시,장소,문화시설,일반극장/영화관
국도극장,경기도,장소,문화시설,일반극장/영화관
바다극장,서울특별시,장소,문화시설,일반극장/영화관
밀양시네마,경상남도,장소,문화시설,일반극장/영화관
문화극장,경기도,장소,문화시설,일반극장/영화관
동화극장,대전광역시,장소,문화시설,일반극장/영화관
동원극장,충청남도,장소,문화시설,일반극장/영화관
동성아트홀,대구광역시,장소,문화시설,일반극장/영화관
창원시네마,경상남도,장소,문화시설,일반극장/영화관
중앙극장,경기도,장소,문화시설,일반극장/영화관
중앙극장,경상남도,장소,문화시설,일반극장/영화관
중앙극장,충청북도,장소,문화시설,일반극장/영화관
피카디리극장,부산광역시,장소,문화시설,일반극장/영화관
CGV,서울특별시,장소,문화시설,CGV
탐라극장,제주특별자치도,장소,문화시설,일반극장/영화관
롯데시네마,서울특별시,장소,문화시설,롯데시네마
CGV,경상남도,장소,문화시설,CGV
메가박스,경기도,장소,문화시설,메가박스
구미자동차극장,경상북도,장소,문화시설,자동차전용극장
롯데시네마,대구광역시,장소,문화시설,롯데시네마
CGV,서울특별시,장소,문화시설,CGV
CGV,서울특별시,장소,문화시설,CGV
메카DVD앤VIDEO,서울특별시,장소,문화시설,비디오/DVD감상실
CGV,부산광역시,장소,문화시설,CGV
영화속으로,서울특별시,장소,문화시설,비디오/DVD감상실
롯데시네마,부산광역시,장소,문화시설,롯데시네마
롯데시네마,충청북도,장소,문화시설,롯데시네마
CGV,경기도,장소,문화시설,CGV
CGV,서울특별시,장소,문화시설,CGV
CGV,강원도,장소,문화시설,CGV
메가박스,강원도,장소,문화시설,메가박스
CGV,서울특별시,장소,문화시설,CGV
떼아뜨로중구,대구광역시,장소,문화시설,일반극장/영화관
롯데시네마,서울특별시,장소,문화시설,롯데시네마
KT&G상상마당시네마,서울특별시,장소,문화시설,일반극장/영화관
시네마테크KOFA,서울특별시,장소,문화시설,일반극장/영화관
아트하우스모모,서울특별시,장소,문화시설,일반극장/영화관
필름포럼,서울특별시,장소,문화시설,일반극장/영화관
실버영화관,서울특별시,장소,문화시설,일반극장/영화관
메가박스,서울특별시,장소,문화시설,메가박스
CGV,경기도,장소,문화시설,CGV
롯데시네마,경기도,장소,문화시설,롯데시네마
월드시네마,경기도,장소,문화시설,일반극장/영화관
메가박스,전라북도,장소,문화시설,메가박스
롯데시네마,대구광역시,장소,문화시설,롯데시네마
시네세븐,경상남도,장소,문화시설,일반극장/영화관
CGV,서울특별시,장소,문화시설,CGV
시네마하우스,경상남도,장소,문화시설,비디오/DVD감상실
리턴휴,경상남도,장소,문화시설,비디오/DVD감상실
메가박스,서울특별시,장소,문화시설,메가박스
알리바이,전라남도,장소,문화시설,비디오/DVD감상실
양평시네마,경기도,장소,문화시설,일반극장/영화관
롯데시네마,강원도,장소,문화시설,롯데시네마
CGV,강원도,장소,문화시설,CGV
롯데시네마,경상북도,장소,문화시설,롯데시네마
세민극장,경기도,장소,문화시설,일반극장/영화관
롯데시네마,경상남도,장소,문화시설,롯데시네마
롯데시네마,대구광역시,장소,문화시설,롯데시네마
롯데시네마,서울특별시,장소,문화시설,롯데시네마
동광극장,경기도,장소,문화시설,일반극장/영화관
폭스DVD영화관,충청북도,장소,문화시설,비디오/DVD감상실
시네마천국DVD,충청북도,장소,문화시설,비디오/DVD감상실
CGV,경기도,장소,문화시설,CGV
DVD시네마,경기도,장소,문화시설,비디오/DVD감상실
엔피아영화관,경기도,장소,문화시설,비디오/DVD감상실
CGV,인천광역시,장소,문화시설,CGV
서귀포관광극장,제주특별자치도,장소,문화시설,일반극장/영화관
롯데시네마,부산광역시,장소,문화시설,롯데시네마
삼화비디오감상실,전라남도,장소,문화시설,비디오/DVD감상실
한누리시네마,전라북도,장소,문화시설,일반극장/영화관
시네하우스극장,제주특별자치도,장소,문화시설,일반극장/영화관
메가박스,경기도,장소,문화시설,메가박스
CGV,서울특별시,장소,문화시설,CGV
롯데시네마,경기도,장소,문화시설,롯데시네마
롯데시네마,경기도,장소,문화시설,롯데시네마
CGV,경기도,장소,문화시설,CGV
DVD시네마영화관,부산광역시,장소,문화시설,비디오/DVD감상실
그랜드호텔영화관,부산광역시,장소,문화시설,일반극장/영화관
롯데시네마,경상남도,장소,문화시설,롯데시네마
효성극장,인천광역시,장소,문화시설,일반극장/영화관
피카디리극장,전라남도,장소,문화시설,일반극장/영화관
살곶이자동차극장,서울특별시,장소,문화시설,자동차전용극장
시네극장,경기도,장소,문화시설,일반극장/영화관
메가박스,세종특별자치시,장소,문화시설,메가박스
롯데시네마,경기도,장소,문화시설,롯데시네마
디브이디키네마영화관,전라북도,장소,문화시설,비디오/DVD감상실
로데오DVD방,대전광역시,장소,문화시설,비디오/DVD감상실
시네마컬처클럽,광주광역시,장소,문화시설,비디오/DVD감상실
허리우드비디오감상실,대전광역시,장소,문화시설,비디오/DVD감상실
폭스DVD영화관,강원도,장소,문화시설,비디오/DVD감상실
시네마랜드디브이디감상실,경상남도,장소,문화시설,비디오/DVD감상실
고도디지털영화관,대구광역시,장소,문화시설,비디오/DVD감상실
피퍼영화감상실,부산광역시,장소,문화시설,비디오/DVD감상실
디포시네마,광주광역시,장소,문화시설,비디오/DVD감상실
시네마엠디비디방,대구광역시,장소,문화시설,비디오/DVD감상실
팝스디브이디,경기도,장소,문화시설,비디오/DVD감상실
스타워즈,전라북도,장소,문화시설,비디오/DVD감상실
룩디비디,경상북도,장소,문화시설,비디오/DVD감상실
멀티플러스,전라남도,장소,문화시설,일반극장/영화관
다우존DVD영화관,경기도,장소,문화시설,비디오/DVD감상실
스타디브이디,전라남도,장소,문화시설,비디오/DVD감상실
로빈영상비디오,전라북도,장소,문화시설,비디오/DVD감상실
팝스DVD,서울특별시,장소,문화시설,비디오/DVD감상실
조이프래닛,경기도,장소,문화시설,비디오/DVD감상실
디브이디마기클럽,전라북도,장소,문화시설,비디오/DVD감상실
블루디브이디영화관,경기도,장소,문화시설,비디오/DVD감상실
21세기비디오방,경상남도,장소,문화시설,비디오/DVD감상실
MDVD,대구광역시,장소,문화시설,비디오/DVD감상실
매니아랜드영화관,인천광역시,장소,문화시설,비디오/DVD감상실
메가맥스,경기도,장소,문화시설,비디오/DVD감상실
스카이디브디영화관,대구광역시,장소,문화시설,비디오/DVD감상실
시네마테크협의회,서울특별시,장소,문화시설,일반극장/영화관
뉴욕비디오방,광주광역시,장소,문화시설,비디오/DVD감상실
DVD프로젝트영화방,경상북도,장소,문화시설,비디오/DVD감상실
조이DVD감상실,충청북도,장소,문화시설,비디오/DVD감상실
스타맥스스리디디브이디영화관,울산광역시,장소,문화시설,비디오/DVD감상실
테이크5디브이디,서울특별시,장소,문화시설,비디오/DVD감상실
시네마디브이디영화관소극장,경상남도,장소,문화시설,비디오/DVD감상실
팝스DVD영화관,강원도,장소,문화시설,비디오/DVD감상실
여우야DVD,대전광역시,장소,문화시설,비디오/DVD감상실
블루DVD영화관,인천광역시,장소,문화시설,비디오/DVD감상실
디브이디키네마,경기도,장소,문화시설,비디오/DVD감상실
벅스디브이디영화관,충청남도,장소,문화시설,비디오/DVD감상실
채널비디오감상실,경상북도,장소,문화시설,비디오/DVD감상실
휴디브이디영화관,인천광역시,장소,문화시설,비디오/DVD감상실
쇼디브이디,경기도,장소,문화시설,비디오/DVD감상실
스카이디지털영화관,경상남도,장소,문화시설,비디오/DVD감상실
시네마에스테마영화관,경상남도,장소,문화시설,비디오/DVD감상실
디지털영화관,광주광역시,장소,문화시설,비디오/DVD감상실
디지털영화관,대구광역시,장소,문화시설,비디오/DVD감상실
헐리우드디브이디시네마,제주특별자치도,장소,문화시설,비디오/DVD감상실
크림디브이디,대구광역시,장소,문화시설,비디오/DVD감상실
디브이디영화관,경상남도,장소,문화시설,비디오/DVD감상실
M앤GDVD영화관,경상북도,장소,문화시설,비디오/DVD감상실
현대디브이디방,서울특별시,장소,문화시설,비디오/DVD감상실
타인비디오방,부산광역시,장소,문화시설,비디오/DVD감상실
커플비디오방,대구광역시,장소,문화시설,비디오/DVD감상실
에버디브이디영화관,부산광역시,장소,문화시설,비디오/DVD감상실
사차원입체영화관,경상북도,장소,문화시설,비디오/DVD감상실
디지털영화관,강원도,장소,문화시설,비디오/DVD감상실
메가DVD영화관,부산광역시,장소,문화시설,비디오/DVD감상실
시네마디브이디상영관,충청북도,장소,문화시설,비디오/DVD감상실
오픈시네마,서울특별시,장소,문화시설,일반극장/영화관
팝스디브이디영화관,경상북도,장소,문화시설,비디오/DVD감상실
배우수업디브이디비디오방,전라북도,장소,문화시설,비디오/DVD감상실
대부비디오감상실,충청북도,장소,문화시설,비디오/DVD감상실
영화여행,경기도,장소,문화시설,비디오/DVD감상실
디브이디룸영화관,충청남도,장소,문화시설,비디오/DVD감상실
베스트비디오물감상실,서울특별시,장소,문화시설,비디오/DVD감상실
인스DVD방,서울특별시,장소,문화시설,비디오/DVD감상실
팝스DVD영화관,충청남도,장소,문화시설,비디오/DVD감상실
BOXORE디지털영화관,울산광역시,장소,문화시설,비디오/DVD감상실
시티비디오방,경기도,장소,문화시설,비디오/DVD감상실
프로젝트영화관,경상북도,장소,문화시설,일반극장/영화관
시네떼끄,울산광역시,장소,문화시설,비디오/DVD감상실
스타비디오방,서울특별시,장소,문화시설,비디오/DVD감상실
팝스디브이디영화관,경기도,장소,문화시설,비디오/DVD감상실
디브이디디지털영화관,강원도,장소,문화시설,비디오/DVD감상실
시네마월드,부산광역시,장소,문화시설,비디오/DVD감상실
벅스디브이디,부산광역시,장소,문화시설,비디오/DVD감상실
약속비디오방,경기도,장소,문화시설,비디오/DVD감상실
아이맥스존,경기도,장소,문화시설,비디오/DVD감상실
팝스디브이디,전라북도,장소,문화시설,비디오/DVD감상실
복스멀티피아,경기도,장소,문화시설,비디오/DVD감상실
폭스디브디영화관,충청남도,장소,문화시설,비디오/DVD감상실
디브이디시네마클럽,경상북도,장소,문화시설,비디오/DVD감상실
DVD키네마맥스영화관,충청북도,장소,문화시설,비디오/DVD감상실
타임캡슐DVD영화관,경상북도,장소,문화시설,비디오/DVD감상실
해리슨포드2,인천광역시,장소,문화시설,비디오/DVD감상실
스크린월드,부산광역시,장소,문화시설,비디오/DVD감상실
멀티플러스,제주특별자치도,장소,문화시설,비디오/DVD감상실
타히티디브이디영화관,부산광역시,장소,문화시설,비디오/DVD감상실
배우수업,전라북도,장소,문화시설,비디오/DVD감상실
브이디브이디,경상북도,장소,문화시설,비디오/DVD감상실
키네마DVD방,광주광역시,장소,문화시설,비디오/DVD감상실
시네마디브이디비디오방,경기도,장소,문화시설,비디오/DVD감상실
팝스디브이디영화관,경기도,장소,문화시설,비디오/DVD감상실
마임비디오감상실,전라북도,장소,문화시설,비디오/DVD감상실
엔피아DVD영화관,경기도,장소,문화시설,비디오/DVD감상실
명화극장,경상남도,장소,문화시설,비디오/DVD감상실
맥스DVD감상실,부산광역시,장소,문화시설,비디오/DVD감상실
원디브이디영화관,경상남도,장소,문화시설,비디오/DVD감상실
아라리오산업,충청남도,장소,문화시설,일반극장/영화관
해리슨포드디브이디감상실,인천광역시,장소,문화시설,비디오/DVD감상실
인터시네,인천광역시,장소,문화시설,비디오/DVD감상실
칸디브이디영화관,경상북도,장소,문화시설,비디오/DVD감상실
레드캣츠,대전광역시,장소,문화시설,비디오/DVD감상실
디브이디디지털영화관,경상북도,장소,문화시설,비디오/DVD감상실
디지털영화관,울산광역시,장소,문화시설,비디오/DVD감상실
엘케이넷무비영화관,강원도,장소,문화시설,비디오/DVD감상실
탑스DVD영화관,전라북도,장소,문화시설,비디오/DVD감상실
메가DVD영화관,부산광역시,장소,문화시설,비디오/DVD감상실
영화보는날,강원도,장소,문화시설,비디오/DVD감상실
디지털영화감상실,광주광역시,장소,문화시설,비디오/DVD감상실
프라임디브이디영화관비디오방,경상북도,장소,문화시설,비디오/DVD감상실
팝스디브이디영화관,경기도,장소,문화시설,비디오/DVD감상실
수DVD방,강원도,장소,문화시설,비디오/DVD감상실
영화사랑DVD감상실,전라북도,장소,문화시설,비디오/DVD감상실
디브이디영화관,강원도,장소,문화시설,비디오/DVD감상실
팝스디브디영화관,부산광역시,장소,문화시설,비디오/DVD감상실
팝스DVD영화관,부산광역시,장소,문화시설,비디오/DVD감상실
발렌타인극장,서울특별시,장소,문화시설,일반극장/영화관
시민극장,울산광역시,장소,문화시설,일반극장/영화관
예술극장,강원도,장소,문화시설,일반극장/영화관
평택극장,경기도,장소,문화시설,일반극장/영화관
국도극장,인천광역시,장소,문화시설,일반극장/영화관
샘터파랑새극장,서울특별시,장소,문화시설,일반극장/영화관
예그린씨어터,서울특별시,장소,문화시설,일반극장/영화관
도연극장,서울특별시,장소,문화시설,일반극장/영화관
에버랜드빅토리아극장,경기도,장소,문화시설,일반극장/영화관
파고다극장,서울특별시,장소,문화시설,일반극장/영화관
남대문극장,서울특별시,장소,문화시설,일반극장/영화관
돌채작은극장,인천광역시,장소,문화시설,일반극장/영화관
영보소극장,경상북도,장소,문화시설,일반극장/영화관
메가박스,부산광역시,장소,문화시설,메가박스
영화나라,전라남도,장소,문화시설,비디오/DVD감상실
CGV,대구광역시,장소,문화시설,CGV
큐DVD,서울특별시,장소,문화시설,비디오/DVD감상실
JOYDVD,서울특별시,장소,문화시설,비디오/DVD감상실
DVD영화관,서울특별시,장소,문화시설,비디오/DVD감상실
씨네파크,강원도,장소,문화시설,비디오/DVD감상실
준비디오방,경기도,장소,문화시설,비디오/DVD감상실
시네마DVD,충청북도,장소,문화시설,비디오/DVD감상실
하트폰영화방,울산광역시,장소,문화시설,비디오/DVD감상실
맥스영화관,충청남도,장소,문화시설,비디오/DVD감상실
프리존,서울특별시,장소,문화시설,비디오/DVD감상실
엠플레이,서울특별시,장소,문화시설,비디오/DVD감상실
엠플레이,서울특별시,장소,문화시설,비디오/DVD감상실
엠플레이,서울특별시,장소,문화시설,비디오/DVD감상실
클릭큐멀티방,서울특별시,장소,문화시설,비디오/DVD감상실
멀티플러스,서울특별시,장소,문화시설,비디오/DVD감상실
엠플레이,서울특별시,장소,문화시설,비디오/DVD감상실
멀티프리존,서울특별시,장소,문화시설,비디오/DVD감상실
스마일멀티방,서울특별시,장소,문화시설,비디오/DVD감상실
롯데시네마,대구광역시,장소,문화시설,롯데시네마
시네마월드,부산광역시,장소,문화시설,비디오/DVD감상실
아트씨어터씨플러스씨,부산광역시,장소,문화시설,일반극장/영화관
씨네31DVD,경기도,장소,문화시설,비디오/DVD감상실
DVD영화관,경기도,장소,문화시설,비디오/DVD감상실
ITDVD영화관,경기도,장소,문화시설,비디오/DVD감상실
DVD캐슬,경기도,장소,문화시설,비디오/DVD감상실
DVD테이크5,경기도,장소,문화시설,비디오/DVD감상실
매가맥스DVD,경기도,장소,문화시설,비디오/DVD감상실
영화관람실,경기도,장소,문화시설,비디오/DVD감상실
CGV,대구광역시,장소,문화시설,CGV
멀티플러스,서울특별시,장소,문화시설,비디오/DVD감상실
키노스크린,전라남도,장소,문화시설,비디오/DVD감상실
포니DVD영화관,경기도,장소,문화시설,비디오/DVD감상실
테이크파이브,경기도,장소,문화시설,비디오/DVD감상실
엠엔지DVD,경기도,장소,문화시설,비디오/DVD감상실
길DVD영화관,서울특별시,장소,문화시설,비디오/DVD감상실
토마토DVD영화관,경기도,장소,문화시설,비디오/DVD감상실
스마일멀티방,서울특별시,장소,문화시설,비디오/DVD감상실
포스영화관,경상남도,장소,문화시설,비디오/DVD감상실
골드DVD영화관,서울특별시,장소,문화시설,비디오/DVD감상실
로딩영화관,서울특별시,장소,문화시설,비디오/DVD감상실
스크린로드비디오방,서울특별시,장소,문화시설,비디오/DVD감상실
씨네마칸DVD,서울특별시,장소,문화시설,비디오/DVD감상실
아마존DVD영화관,서울특별시,장소,문화시설,비디오/DVD감상실
월드비디오방,서울특별시,장소,문화시설,비디오/DVD감상실
씨네월드디비디,서울특별시,장소,문화시설,비디오/DVD감상실
WOL시네마,서울특별시,장소,문화시설,비디오/DVD감상실
타임DVD영화관,서울특별시,장소,문화시설,비디오/DVD감상실
명보DVD영화관,서울특별시,장소,문화시설,비디오/DVD감상실
헐리우드DVD,서울특별시,장소,문화시설,비디오/DVD감상실
타임영화관,서울특별시,장소,문화시설,비디오/DVD감상실
CGV,대전광역시,장소,문화시설,CGV
메가박스,경기도,장소,문화시설,메가박스
롯데시네마,서울특별시,장소,문화시설,롯데시네마
롯데시네마,광주광역시,장소,문화시설,롯데시네마
롯데시네마,경기도,장소,문화시설,롯데시네마
메가박스,광주광역시,장소,문화시설,메가박스
CGV,대구광역시,장소,문화시설,CGV
CGV,경기도,장소,문화시설,CGV
CGV,경기도,장소,문화시설,CGV
CGV,대구광역시,장소,문화시설,CGV
CGV,인천광역시,장소,문화시설,CGV
CGV,충청남도,장소,문화시설,CGV
롯데시네마,경기도,장소,문화시설,롯데시네마
CGV,충청남도,장소,문화시설,CGV
CGV,서울특별시,장소,문화시설,CGV
NDVD,서울특별시,장소,문화시설,비디오/DVD감상실
롯데시네마,경기도,장소,문화시설,롯데시네마
CGV,인천광역시,장소,문화시설,CGV
롯데시네마,경기도,장소,문화시설,롯데시네마
양주자동차극장,경기도,장소,문화시설,자동차전용극장
롯데시네마,충청북도,장소,문화시설,롯데시네마
와우4D파크,경기도,장소,문화시설,일반극장/영화관
롯데시네마,서울특별시,장소,문화시설,롯데시네마
롯데시네마,서울특별시,장소,문화시설,롯데시네마
롯데시네마,경상북도,장소,문화시설,롯데시네마
메가박스,경기도,장소,문화시설,메가박스
블래스유DVD영화관,경기도,장소,문화시설,비디오/DVD감상실
롯데시네마,경상남도,장소,문화시설,롯데시네마
초록사과키즈영화관,경기도,장소,문화시설,일반극장/영화관
영화공간주안,인천광역시,장소,문화시설,일반극장/영화관
롯데시네마,서울특별시,장소,문화시설,롯데시네마
레드카펫DVD,대전광역시,장소,문화시설,비디오/DVD감상실
CGV,서울특별시,장소,문화시설,CGV
CGV,울산광역시,장소,문화시설,CGV
CGV,대전광역시,장소,문화시설,CGV
CGV,경상남도,장소,문화시설,CGV
CGV,경기도,장소,문화시설,CGV
CGV,대구광역시,장소,문화시설,CGV
메가박스,부산광역시,장소,문화시설,메가박스
롯데시네마,서울특별시,장소,문화시설,롯데시네마
엔피아DVD,인천광역시,장소,문화시설,비디오/DVD감상실
휴스테이,서울특별시,장소,문화시설,비디오/DVD감상실
CGV,서울특별시,장소,문화시설,CGV
롯데시네마,경기도,장소,문화시설,롯데시네마
DMZDVD방,서울특별시,장소,문화시설,비디오/DVD감상실
CINE6DVD,서울특별시,장소,문화시설,비디오/DVD감상실
롯데시네마,경기도,장소,문화시설,롯데시네마
롯데시네마,서울특별시,장소,문화시설,롯데시네마
블루마씨네자동차극장,울산광역시,장소,문화시설,자동차전용극장
CGV,광주광역시,장소,문화시설,CGV
롯데시네마,경상남도,장소,문화시설,롯데시네마
디씨어터,서울특별시,장소,문화시설,비디오/DVD감상실
롯데시네마,경기도,장소,문화시설,롯데시네마
메가박스,경기도,장소,문화시설,메가박스
롯데시네마,충청남도,장소,문화시설,롯데시네마
롯데시네마,광주광역시,장소,문화시설,롯데시네마
CGV,전라북도,장소,문화시설,CGV
나래울극장,경기도,장소,문화시설,일반극장/영화관
세종자동차극장,세종특별자치시,장소,문화시설,자동차전용극장
영화이야기,경상남도,장소,문화시설,비디오/DVD감상실
SKY,대구광역시,장소,문화시설,비디오/DVD감상실
씨네로,서울특별시,장소,문화시설,일반극장/영화관
CGV,충청북도,장소,문화시설,CGV
롯데시네마,울산광역시,장소,문화시설,롯데시네마
문스,전라북도,장소,문화시설,비디오/DVD감상실
프리미엄DVD,전라북도,장소,문화시설,비디오/DVD감상실
롯데DVD방,서울특별시,장소,문화시설,비디오/DVD감상실
홍천시네마,강원도,장소,문화시설,일반극장/영화관
해리포터비디오,강원도,장소,문화시설,비디오/DVD감상실
롯데시네마,경상북도,장소,문화시설,롯데시네마
라떼DVD방,서울특별시,장소,문화시설,비디오/DVD감상실
CGV,강원도,장소,문화시설,CGV
상무지구기분좋은극장,광주광역시,장소,문화시설,일반극장/영화관
CGV,경기도,장소,문화시설,CGV
롯데시네마,대전광역시,장소,문화시설,롯데시네마
롯데시네마,경상남도,장소,문화시설,롯데시네마
충장로기분좋은극장,광주광역시,장소,문화시설,일반극장/영화관
CGV,광주광역시,장소,문화시설,CGV
나인DVD방,경기도,장소,문화시설,비디오/DVD감상실
순수댄스컴퍼니,서울특별시,장소,문화시설,일반극장/영화관
웨스턴심포니오케스트라,서울특별시,장소,문화시설,일반극장/영화관
탑DVD영화관,광주광역시,장소,문화시설,비디오/DVD감상실
광릉수목원자동차극장,경기도,장소,문화시설,자동차전용극장
재미공작소,서울특별시,장소,문화시설,일반극장/영화관
임실한마당작은별영화관,전라북도,장소,문화시설,일반극장/영화관
기장군청차성아트홀영화관,부산광역시,장소,문화시설,일반극장/영화관
애플DVD영화방,대전광역시,장소,문화시설,비디오/DVD감상실
헐리웃영화관,부산광역시,장소,문화시설,비디오/DVD감상실
해피존영화관,서울특별시,장소,문화시설,비디오/DVD감상실
팝스DVD,경기도,장소,문화시설,비디오/DVD감상실
CGV,경기도,장소,문화시설,CGV
피에로소극장,울산광역시,장소,문화시설,일반극장/영화관
엔터디브이디,서울특별시,장소,문화시설,비디오/DVD감상실
올망졸망지평선시네마,전라북도,장소,문화시설,일반극장/영화관
DVDZONE,충청남도,장소,문화시설,비디오/DVD감상실
와팝,서울특별시,장소,문화시설,일반극장/영화관
아라리오뮤지엄탑동시네마,제주특별자치도,장소,문화시설,일반극장/영화관
노블DVD방,인천광역시,장소,문화시설,비디오/DVD감상실
무주산골영화관,전라북도,장소,문화시설,일반극장/영화관
CGV,경기도,장소,문화시설,CGV
CGV,전라북도,장소,문화시설,CGV
롯데시네마,부산광역시,장소,문화시설,롯데시네마
씨네엔죠이DVD방,강원도,장소,문화시설,비디오/DVD감상실
CGV,인천광역시,장소,문화시설,CGV
초록사과키즈영화관,경상남도,장소,문화시설,일반극장/영화관
엑스무비DVD방,전라북도,장소,문화시설,비디오/DVD감상실
허브DVD방,충청남도,장소,문화시설,비디오/DVD감상실
CGV,서울특별시,장소,문화시설,CGV
CGV,경상북도,장소,문화시설,CGV
씨어터송,서울특별시,장소,문화시설,일반극장/영화관
아카데미프리존,부산광역시,장소,문화시설,비디오/DVD감상실
롯데시네마,서울특별시,장소,문화시설,롯데시네마
구례자연드림시네마,전라남도,장소,문화시설,일반극장/영화관
씨네원DVD영화관,서울특별시,장소,문화시설,비디오/DVD감상실
코코아DVD영화관,경기도,장소,문화시설,비디오/DVD감상실
NC백화점송파점소극장,서울특별시,장소,문화시설,일반극장/영화관
애기똥풀인형극장,경기도,장소,문화시설,일반극장/영화관
CGV,충청남도,장소,문화시설,CGV
팝스DVD상모점,경상북도,장소,문화시설,비디오/DVD감상실
추억극장미림,인천광역시,장소,문화시설,일반극장/영화관
수작DVD영화관,경기도,장소,문화시설,비디오/DVD감상실
하늘바람소극장,부산광역시,장소,문화시설,일반극장/영화관
CGV,경기도,장소,문화시설,CGV
CGV,대전광역시,장소,문화시설,CGV
DVD방,서울특별시,장소,문화시설,비디오/DVD감상실
롯데시네마,서울특별시,장소,문화시설,롯데시네마
극장동국,서울특별시,장소,문화시설,일반극장/영화관
브로드웨이DVD영화관,제주특별자치도,장소,문화시설,비디오/DVD감상실
퍼니락퍼니디브이디,경기도,장소,문화시설,비디오/DVD감상실
디프DVD,서울특별시,장소,문화시설,비디오/DVD감상실
롯데시네마,경기도,장소,문화시설,롯데시네마
레옹DVD,서울특별시,장소,문화시설,비디오/DVD감상실
하이비젼DVD방,인천광역시,장소,문화시설,비디오/DVD감상실
초록사과키즈영화관,경기도,장소,문화시설,일반극장/영화관
초록사과키즈영화관,대구광역시,장소,문화시설,일반극장/영화관
초록사과키즈영화관,경기도,장소,문화시설,일반극장/영화관
초록사과키즈영화관,경상북도,장소,문화시설,일반극장/영화관
이봄씨어터,서울특별시,장소,문화시설,일반극장/영화관
필란디아DVD방,서울특별시,장소,문화시설,비디오/DVD감상실
레드켓츠DVD방,경상남도,장소,문화시설,비디오/DVD감상실
엔플러스,서울특별시,장소,문화시설,비디오/DVD감상실
CGV,경기도,장소,문화시설,CGV
롯데시네마,경기도,장소,문화시설,롯데시네마
메가박스,경기도,장소,문화시설,메가박스
메가박스,전라남도,장소,문화시설,메가박스
메가박스,경기도,장소,문화시설,메가박스
롯데시네마,부산광역시,장소,문화시설,롯데시네마
나비예술극장,경상남도,장소,문화시설,일반극장/영화관
롯데시네마,부산광역시,장소,문화시설,롯데시네마
CGV,광주광역시,장소,문화시설,CGV
영DVD방,경상북도,장소,문화시설,비디오/DVD감상실
숲DVD,경기도,장소,문화시설,비디오/DVD감상실
완주휴시네마,전라북도,장소,문화시설,일반극장/영화관
팝스DVD영화관,서울특별시,장소,문화시설,비디오/DVD감상실
메가박스,경기도,장소,문화시설,메가박스
롯데시네마,경기도,장소,문화시설,롯데시네마
산천어시네마,강원도,장소,문화시설,일반극장/영화관
마이골작은영화관,전라북도,장소,문화시설,일반극장/영화관
롯데시네마,경기도,장소,문화시설,롯데시네마
씨네독DVD영화카페,경기도,장소,문화시설,비디오/DVD감상실
미예랑소극장,제주특별자치도,장소,문화시설,일반극장/영화관
CGV,대전광역시,장소,문화시설,CGV
카멜레온DVD영화관,경상남도,장소,문화시설,비디오/DVD감상실
군포G시네마,경기도,장소,문화시설,일반극장/영화관
CGV,전라남도,장소,문화시설,CGV
경암소극장,서울특별시,장소,문화시설,일반극장/영화관
메가박스,서울특별시,장소,문화시설,메가박스
오오극장,대구광역시,장소,문화시설,일반극장/영화관
부안마실영화관,전라북도,장소,문화시설,일반극장/영화관
샤인DVD영화관,서울특별시,장소,문화시설,비디오/DVD감상실
MJHDVD방,경상남도,장소,문화시설,비디오/DVD감상실
로드쇼DVD영화관,서울특별시,장소,문화시설,비디오/DVD감상실
객석클라라하우스,대전광역시,장소,문화시설,일반극장/영화관
TOPDVD상영관,대전광역시,장소,문화시설,비디오/DVD감상실
뷰카25,강원도,장소,문화시설,자동차전용극장
굿디지털영화관,경상북도,장소,문화시설,비디오/DVD감상실
지존DVD영화관,대전광역시,장소,문화시설,비디오/DVD감상실
어울림소극장,강원도,장소,문화시설,일반극장/영화관
무비존DVD,경상남도,장소,문화시설,비디오/DVD감상실
CGV,서울특별시,장소,문화시설,CGV
TAKE5DVD,대구광역시,장소,문화시설,비디오/DVD감상실
CGV,충청남도,장소,문화시설,CGV
롯데시네마,경기도,장소,문화시설,롯데시네마
메가박스,경기도,장소,문화시설,메가박스
한울,경상남도,장소,문화시설,일반극장/영화관
키다리소극장,부산광역시,장소,문화시설,일반극장/영화관
메가박스,경상남도,장소,문화시설,메가박스
엔피아DVD방,서울특별시,장소,문화시설,비디오/DVD감상실
키네마DVD,경기도,장소,문화시설,비디오/DVD감상실
KU시네마테크,서울특별시,장소,문화시설,일반극장/영화관
바빌론,대전광역시,장소,문화시설,비디오/DVD감상실
파고다DVD극장,서울특별시,장소,문화시설,비디오/DVD감상실
THEM,대구광역시,장소,문화시설,비디오/DVD감상실
스테이션DVD방,광주광역시,장소,문화시설,비디오/DVD감상실
POPSDVD,경기도,장소,문화시설,비디오/DVD감상실
영월시네마,강원도,장소,문화시설,일반극장/영화관
MDVD영화관,경상남도,장소,문화시설,비디오/DVD감상실
CGV,경기도,장소,문화시설,CGV
쿨DVD방,서울특별시,장소,문화시설,비디오/DVD감상실
씨넥스DVD영화관,서울특별시,장소,문화시설,비디오/DVD감상실
월시네마DVD영화방,서울특별시,장소,문화시설,비디오/DVD감상실
메가박스,경기도,장소,문화시설,메가박스
실버영화관,울산광역시,장소,문화시설,일반극장/영화관
창동예술소극장,경상남도,장소,문화시설,일반극장/영화관
롯데시네마,경기도,장소,문화시설,롯데시네마
메가박스,경상남도,장소,문화시설,메가박스
메가박스,경상남도,장소,문화시설,메가박스
DVD영화관,충청북도,장소,문화시설,비디오/DVD감상실
팝스DVD영화관,서울특별시,장소,문화시설,비디오/DVD감상실
장흥자동차극장,경기도,장소,문화시설,자동차전용극장
메가박스,인천광역시,장소,문화시설,메가박스
메가박스,경상북도,장소,문화시설,메가박스
CGV,충청남도,장소,문화시설,CGV
롯데시네마,서울특별시,장소,문화시설,롯데시네마
CGV,부산광역시,장소,문화시설,CGV
뮤즈DVD방,경기도,장소,문화시설,비디오/DVD감상실
디지털영화관,경상남도,장소,문화시설,비디오/DVD감상실
만화공간,경기도,장소,문화시설,비디오/DVD감상실
경주블루DVD,경상북도,장소,문화시설,비디오/DVD감상실
스카이디지털영화관,경상남도,장소,문화시설,비디오/DVD감상실
메가박스,경상북도,장소,문화시설,메가박스
롯데시네마,서울특별시,장소,문화시설,롯데시네마
메가박스,인천광역시,장소,문화시설,메가박스
CGV,세종특별자치시,장소,문화시설,CGV
평창시네마,강원도,장소,문화시설,일반극장/영화관
예술공간유비누리앱질전용관,서울특별시,장소,문화시설,일반극장/영화관
괜찮은홀중계홀,서울특별시,장소,문화시설,일반극장/영화관
시네마타운극장,경상남도,장소,문화시설,자동차전용극장
장유씨네맥스,경상남도,장소,문화시설,비디오/DVD감상실
롯데시네마,경기도,장소,문화시설,롯데시네마
롯데시네마,대구광역시,장소,문화시설,롯데시네마
동방영상,경기도,장소,문화시설,비디오/DVD감상실
영남알프스시네마,울산광역시,장소,문화시설,일반극장/영화관
기벌포영화관,충청남도,장소,문화시설,일반극장/영화관
메가박스,충청북도,장소,문화시설,메가박스
정남진시네마,전라남도,장소,문화시설,일반극장/영화관
CGV,전라북도,장소,문화시설,CGV
상상극장,서울특별시,장소,문화시설,일반극장/영화관
사랑소극장,서울특별시,장소,문화시설,일반극장/영화관
소담소극장,서울특별시,장소,문화시설,일반극장/영화관
DVD디지털영화관,대구광역시,장소,문화시설,비디오/DVD감상실
청석에듀씨어터,경기도,장소,문화시설,일반극장/영화관
열린아트홀,부산광역시,장소,문화시설,일반극장/영화관
메가박스,전라남도,장소,문화시설,메가박스
무비박스DVD방,서울특별시,장소,문화시설,비디오/DVD감상실
CGV,서울특별시,장소,문화시설,CGV
아카데미DVD영화관,서울특별시,장소,문화시설,비디오/DVD감상실
찜DVD감상실,대전광역시,장소,문화시설,비디오/DVD감상실
롯데시네마,강원도,장소,문화시설,롯데시네마
롯데시네마,경기도,장소,문화시설,롯데시네마
롯데시네마,경기도,장소,문화시설,롯데시네마
영양작은영화관,경상북도,장소,문화시설,일반극장/영화관
CGV,대전광역시,장소,문화시설,CGV
메가박스,경기도,장소,문화시설,메가박스
남해보물섬시네마,경상남도,장소,문화시설,일반극장/영화관
아이들극장,서울특별시,장소,문화시설,일반극장/영화관
아이맥스DVD영화관,부산광역시,장소,문화시설,비디오/DVD감상실
힐링데코믹스,경기도,장소,문화시설,비디오/DVD감상실
DVDHOLIC,서울특별시,장소,문화시설,비디오/DVD감상실
메가박스,서울특별시,장소,문화시설,메가박스
키노DVD상영관,서울특별시,장소,문화시설,비디오/DVD감상실
레드캣츠,대전광역시,장소,문화시설,비디오/DVD감상실
토마토시네마,강원도,장소,문화시설,일반극장/영화관
메가박스영화방,광주광역시,장소,문화시설,비디오/DVD감상실
씨네파크디비디영화관,강원도,장소,문화시설,비디오/DVD감상실
CGV,경기도,장소,문화시설,CGV
엠엔지디브이디존,서울특별시,장소,문화시설,비디오/DVD감상실
메가박스,강원도,장소,문화시설,메가박스
롯데시네마,경상남도,장소,문화시설,롯데시네마
한내소극장,경기도,장소,문화시설,일반극장/영화관
롯데시네마,경기도,장소,문화시설,롯데시네마
루커스디비디상영관,인천광역시,장소,문화시설,비디오/DVD감상실
메가박스,강원도,장소,문화시설,메가박스
롯데시네마,경기도,장소,문화시설,롯데시네마
메가박스,경기도,장소,문화시설,메가박스
메가박스,경기도,장소,문화시설,메가박스
어울마당,서울특별시,장소,문화시설,일반극장/영화관
CGV,경상북도,장소,문화시설,CGV
CGV,대구광역시,장소,문화시설,CGV
롯데시네마,서울특별시,장소,문화시설,롯데시네마
롯데시네마,충청북도,장소,문화시설,롯데시네마
메가박스,경상북도,장소,문화시설,메가박스
메가박스,인천광역시,장소,문화시설,메가박스
조이앤시네마,전라북도,장소,문화시설,일반극장/영화관
메가박스,대구광역시,장소,문화시설,메가박스
메가박스,서울특별시,장소,문화시설,메가박스
롯데시네마,인천광역시,장소,문화시설,롯데시네마
롯데시네마,경기도,장소,문화시설,롯데시네마
CGV,경상남도,장소,문화시설,CGV
메가박스,경기도,장소,문화시설,메가박스
CGV,광주광역시,장소,문화시설,CGV
CGV,경기도,장소,문화시설,CGV
CGV,경상남도,장소,문화시설,CGV
메가박스,서울특별시,장소,문화시설,메가박스
CGV,전라남도,장소,문화시설,CGV
CGV,경기도,장소,문화시설,CGV
CGV,부산광역시,장소,문화시설,CGV
롯데시네마,부산광역시,장소,문화시설,롯데시네마
CGV,전라남도,장소,문화시설,CGV
예산시네마,충청남도,장소,문화시설,일반극장/영화관
롯데시네마,서울특별시,장소,문화시설,롯데시네마
거제연육교자동차극장,경상남도,장소,문화시설,자동차전용극장
메가박스,인천광역시,장소,문화시설,메가박스
메가박스,경상남도,장소,문화시설,메가박스
시티극장,경기도,장소,문화시설,일반극장/영화관
CGV,인천광역시,장소,문화시설,CGV
메가박스,경기도,장소,문화시설,메가박스
CGV,경기도,장소,문화시설,CGV
메가박스,경상북도,장소,문화시설,메가박스
씨네Q,충청북도,장소,문화시설,일반극장/영화관
메가박스,경상남도,장소,문화시설,메가박스
합천시네마,경상남도,장소,문화시설,일반극장/영화관
CGV,서울특별시,장소,문화시설,CGV
DMZ시네마,강원도,장소,문화시설,일반극장/영화관
메가박스,경기도,장소,문화시설,메가박스
롯데시네마,경기도,장소,문화시설,롯데시네마
CGV,전라남도,장소,문화시설,CGV
CGV,제주특별자치도,장소,문화시설,CGV
메가박스,서울특별시,장소,문화시설,메가박스
메가박스,충청남도,장소,문화시설,메가박스
씨네Q,서울특별시,장소,문화시설,일반극장/영화관
롯데시네마,경상북도,장소,문화시설,롯데시네마
완도빙그레시네마,전라남도,장소,문화시설,일반극장/영화관
태안시네마,충청남도,장소,문화시설,일반극장/영화관
CGV,경기도,장소,문화시설,CGV
가람영화관,강원도,장소,문화시설,일반극장/영화관
CGV,서울특별시,장소,문화시설,CGV
곡성작은영화관,전라남도,장소,문화시설,일반극장/영화관
CGV,경기도,장소,문화시설,CGV
씨네Q,경상북도,장소,문화시설,일반극장/영화관
CGV,부산광역시,장소,문화시설,CGV
씨네Q,경상북도,장소,문화시설,일반극장/영화관
청양시네마,충청남도,장소,문화시설,일반극장/영화관
CGV,전라남도,장소,문화시설,CGV
메가박스,충청북도,장소,문화시설,메가박스
메가박스,전라남도,장소,문화시설,메가박스
횡성시네마,강원도,장소,문화시설,일반극장/영화관
화순작은영화관,전라남도,장소,문화시설,일반극장/영화관
양구작은영화관,강원도,장소,문화시설,일반극장/영화관
함안작은영화관,경상남도,장소,문화시설,일반극장/영화관
CGV,충청북도,장소,문화시설,CGV
더부티크프라이빗,서울특별시,장소,문화시설,일반극장/영화관
CGV,경기도,장소,문화시설,CGV
롯데시네마,인천광역시,장소,문화시설,롯데시네마
롯데시네마,전라북도,장소,문화시설,롯데시네마
메가박스,부산광역시,장소,문화시설,메가박스
메가박스,인천광역시,장소,문화시설,메가박스
포천자동차극장,경기도,장소,문화시설,일반극장/영화관
금산시네마,충청남도,장소,문화시설,일반극장/영화관
영천공설시장별빛영화관,경상북도,장소,문화시설,일반극장/영화관
롯데시네마,광주광역시,장소,문화시설,롯데시네마
CGV,전라북도,장소,문화시설,CGV
CGV,전라북도,장소,문화시설,CGV
CGV,서울특별시,장소,문화시설,CGV
CGV,인천광역시,장소,문화시설,CGV
롯데시네마,전라북도,장소,문화시설,롯데시네마
롯데시네마,대구광역시,장소,문화시설,롯데시네마
메가박스,서울특별시,장소,문화시설,메가박스
CGV,경기도,장소,문화시설,CGV
메가박스,경기도,장소,문화시설,메가박스
부산예술관,부산광역시,장소,문화시설,일반극장/영화관
CGV,경기도,장소,문화시설,CGV
평창알펜시아시네마,강원도,장소,문화시설,일반극장/영화관
별빛영화마을,대전광역시,장소,문화시설,자동차전용극장
메가박스,서울특별시,장소,문화시설,메가박스
울진작은영화관,경상북도,장소,문화시설,일반극장/영화관
향수시네마,충청북도,장소,문화시설,일반극장/영화관
롯데시네마,대전광역시,장소,문화시설,롯데시네마
아이엠VR,대전광역시,장소,문화시설,비디오/DVD감상실
럭셔리박스,충청북도,장소,문화시설,비디오/DVD감상실
VR플러스,충청남도,장소,문화시설,비디오/DVD감상실
브이알파크,서울특별시,장소,문화시설,비디오/DVD감상실
할리갈리보드카페,경기도,장소,문화시설,비디오/DVD감상실
아카데미씨네마,대구광역시,장소,문화시설,일반극장/영화관
씨네유,경기도,장소,문화시설,일반극장/영화관
63아이맥스영화관,서울특별시,장소,문화시설,일반극장/영화관
레드브이알,서울특별시,장소,문화시설,비디오/DVD감상실
레드브이알,서울특별시,장소,문화시설,비디오/DVD감상실
케이원멀티게임존,경기도,장소,문화시설,비디오/DVD감상실
광주자동차극장,광주광역시,장소,문화시설,일반극장/영화관
레드브이알,경기도,장소,문화시설,비디오/DVD감상실
놀숲,경기도,장소,문화시설,비디오/DVD감상실
VRICS,서울특별시,장소,문화시설,비디오/DVD감상실
입체영상관,충청남도,장소,문화시설,일반극장/영화관
아리랑시네미디어센터,서울특별시,장소,문화시설,일반극장/영화관
당진시네마,충청남도,장소,문화시설,일반극장/영화관
THC9,경기도,장소,문화시설,일반극장/영화관
영플라자,서울특별시,장소,문화시설,일반극장/영화관
낭만팬더만화카페,경기도,장소,문화시설,비디오/DVD감상실
좋은DVD방,강원도,장소,문화시설,비디오/DVD감상실
마나보다만화카페,경기도,장소,문화시설,비디오/DVD감상실
꽁툰만화북카페,경상남도,장소,문화시설,비디오/DVD감상실
놀숲,부산광역시,장소,문화시설,비디오/DVD감상실
코믹한애니씨만화카페,경기도,장소,문화시설,비디오/DVD감상실
마나보다만화카페,경상남도,장소,문화시설,비디오/DVD감상실
달달만화카페,부산광역시,장소,문화시설,비디오/DVD감상실
상상만화카페,인천광역시,장소,문화시설,비디오/DVD감상실
건대VR카페브라보,서울특별시,장소,문화시설,비디오/DVD감상실
북대만화카페,전라북도,장소,문화시설,비디오/DVD감상실
로드레이싱카페,경상남도,장소,문화시설,비디오/DVD감상실
추억의만화카페,인천광역시,장소,문화시설,비디오/DVD감상실
케이지블루풋살존,경기도,장소,문화시설,비디오/DVD감상실
스포츠야구사격장,경기도,장소,문화시설,비디오/DVD감상실
더리얼VR,부산광역시,장소,문화시설,비디오/DVD감상실
정중앙시네마2관,강원도,장소,문화시설,일반극장/영화관
정중앙시네마1관,강원도,장소,문화시설,일반극장/영화관
화순시네마2관,전라남도,장소,문화시설,일반극장/영화관
헐리우드디스코팡팡,부산광역시,장소,문화시설,비디오/DVD감상실
만화카페코난,서울특별시,장소,문화시설,비디오/DVD감상실
미션이스케이프,부산광역시,장소,문화시설,비디오/DVD감상실
털보만화카페,경상남도,장소,문화시설,비디오/DVD감상실
신세계문화의전당,부산광역시,장소,문화시설,일반극장/영화관
화순시네마1관,전라남도,장소,문화시설,일반극장/영화관
메가박스,경상남도,장소,문화시설,메가박스
서면극장,부산광역시,장소,문화시설,일반극장/영화관
시네마5,광주광역시,장소,문화시설,일반극장/영화관
오산시네마타운,경기도,장소,문화시설,일반극장/영화관
시네마S테마영화관,경상남도,장소,문화시설,비디오/DVD감상실
VR플러스,서울특별시,장소,문화시설,비디오/DVD감상실
감성만화싸롱,대전광역시,장소,문화시설,비디오/DVD감상실
카멜레온DVD방,서울특별시,장소,문화시설,비디오/DVD감상실
레이싱스테이션,인천광역시,장소,문화시설,비디오/DVD감상실
콜롯세움비디오감상실,전라남도,장소,문화시설,비디오/DVD감상실
트루VR,서울특별시,장소,문화시설,비디오/DVD감상실
오션랜드,경상북도,장소,문화시설,비디오/DVD감상실
3층멀티방,세종특별자치시,장소,문화시설,비디오/DVD감상실
심심할때,경기도,장소,문화시설,비디오/DVD감상실
대원멀티방,경기도,장소,문화시설,비디오/DVD감상실
애관극장,인천광역시,장소,문화시설,일반극장/영화관
엠박스,전라북도,장소,문화시설,비디오/DVD감상실
씨네드쉐프,서울특별시,장소,문화시설,일반극장/영화관
만화도시,경기도,장소,문화시설,비디오/DVD감상실
놀숲,서울특별시,장소,문화시설,비디오/DVD감상실
상봉시네마시티,서울특별시,장소,문화시설,일반극장/영화관
프리머스시네마,경기도,장소,문화시설,일반극장/영화관
삼백시네마,경상북도,장소,문화시설,일반극장/영화관
여수자동차극장,전라남도,장소,문화시설,자동차전용극장
놀이존VR,대구광역시,장소,문화시설,비디오/DVD감상실
시네큐,경상북도,장소,문화시설,일반극장/영화관
열혈만화,경상남도,장소,문화시설,비디오/DVD감상실
코믹큐브,경기도,장소,문화시설,비디오/DVD감상실
철원작은영화관뚜루,강원도,장소,문화시설,일반극장/영화관
CGV,충청북도,장소,문화시설,CGV
CGV,강원도,장소,문화시설,CGV
인디플러스천안,충청남도,장소,문화시설,일반극장/영화관
브이알파크,경상남도,장소,문화시설,비디오/DVD감상실
브리즈VR까페잠실새내역점,서울특별시,장소,문화시설,비디오/DVD감상실
놀숲군산수송점,전라북도,장소,문화시설,비디오/DVD감상실
제일시네마,광주광역시,장소,문화시설,일반극장/영화관
영화를밝히는사람들,경기도,장소,문화시설,비디오/DVD감상실
놀숲광주수완점,광주광역시,장소,문화시설,비디오/DVD감상실
놀숲부산사직점,부산광역시,장소,문화시설,비디오/DVD감상실
놀숲여수신기점,전라남도,장소,문화시설,비디오/DVD감상실
부여스타박스,충청남도,장소,문화시설,일반극장/영화관
샵DVD영화관,부산광역시,장소,문화시설,비디오/DVD감상실
코코아DVD,경기도,장소,문화시설,비디오/DVD감상실
DRFA365예술극장,인천광역시,장소,문화시설,일반극장/영화관
씨네세븐,경상남도,장소,문화시설,일반극장/영화관
이편한세상,인천광역시,장소,문화시설,비디오/DVD감상실
고흥작은영화관,전라남도,장소,문화시설,일반극장/영화관
미림극장,인천광역시,장소,문화시설,일반극장/영화관
뽑기언니,서울특별시,장소,문화시설,비디오/DVD감상실
시네필,전라북도,장소,문화시설,비디오/DVD감상실
신흥만방,서울특별시,장소,문화시설,비디오/DVD감상실
애니양과만화군,대구광역시,장소,문화시설,비디오/DVD감상실
베니스영화관,광주광역시,장소,문화시설,일반극장/영화관
청라스퀘어세븐,인천광역시,장소,문화시설,일반극장/영화관
캡틴코믹,경기도,장소,문화시설,비디오/DVD감상실
거제연육교자동차극장,경상남도,장소,문화시설,일반극장/영화관
스타일무비,서울특별시,장소,문화시설,비디오/DVD감상실
점보만화방,서울특별시,장소,문화시설,비디오/DVD감상실
짱구네다락방,충청남도,장소,문화시설,비디오/DVD감상실
풀덤,광주광역시,장소,문화시설,비디오/DVD감상실
허브DVD시네마,충청남도,장소,문화시설,일반극장/영화관
놀이툰,경기도,장소,문화시설,비디오/DVD감상실
서울아트시네마,서울특별시,장소,문화시설,일반극장/영화관
명배우봉하극장콜로노스,경상남도,장소,문화시설,일반극장/영화관
메가박스이시아제3관,대구광역시,장소,문화시설,일반극장/영화관
메가박스이시아제7관,대구광역시,장소,문화시설,일반극장/영화관
메가박스이시아제4관,대구광역시,장소,문화시설,일반극장/영화관
메가박스이시아제6관,대구광역시,장소,문화시설,일반극장/영화관
메가박스이시아제5관,대구광역시,장소,문화시설,일반극장/영화관
메가박스이시아제1관,대구광역시,장소,문화시설,일반극장/영화관
메가박스이시아제2관,대구광역시,장소,문화시설,일반극장/영화관
메가박스,대구광역시,장소,문화시설,메가박스
CGV,경상남도,장소,문화시설,CGV
롯데시네마,전라북도,장소,문화시설,롯데시네마
CGV,울산광역시,장소,문화시설,CGV
판타스틱큐브,경기도,장소,문화시설,일반극장/영화관
강릉독립예술극장신영,강원도,장소,문화시설,일반극장/영화관
씨네큐부평,인천광역시,장소,문화시설,일반극장/영화관
알펜시아시네마,강원도,장소,문화시설,일반극장/영화관
CINEDECHEF용산,서울특별시,장소,문화시설,일반극장/영화관
금성시네마,충청남도,장소,문화시설,일반극장/영화관
대구그레이스실버영화관,대구광역시,장소,문화시설,일반극장/영화관
명화극장,경기도,장소,문화시설,일반극장/영화관
청춘극장,서울특별시,장소,문화시설,일반극장/영화관
대전아트시네마,대전광역시,장소,문화시설,일반극장/영화관
예산시네마,충청남도,장소,문화시설,일반극장/영화관
금산시네마,충청남도,장소,문화시설,일반극장/영화관
함안군작은영화관,경상남도,장소,문화시설,일반극장/영화관
대가야시네마,경상북도,장소,문화시설,일반극장/영화관
양구정중앙시네마,강원도,장소,문화시설,일반극장/영화관
광주독립영화관,광주광역시,장소,문화시설,일반극장/영화관
인디플러스포항,경상북도,장소,문화시설,일반극장/영화관
횡성시네마,강원도,장소,문화시설,일반극장/영화관
당진아트시네마,충청남도,장소,문화시설,일반극장/영화관
시네마브이,강원도,장소,문화시설,일반극장/영화관
아트씨어터씨앤씨,부산광역시,장소,문화시설,일반극장/영화관
강릉자동차극장,강원도,장소,문화시설,일반극장/영화관
거제엠파크씨네세븐,경상남도,장소,문화시설,일반극장/영화관
KU시네마트랩,서울특별시,장소,문화시설,일반극장/영화관
화천작은영화관,강원도,장소,문화시설,일반극장/영화관
인디스페이스,서울특별시,장소,문화시설,일반극장/영화관
원주벤허자동차극장,강원도,장소,문화시설,일반극장/영화관
한누리디지털시네마,전라북도,장소,문화시설,일반극장/영화관
아리랑시네센터,서울특별시,장소,문화시설,일반극장/영화관
조이아트시네마,전라북도,장소,문화시설,일반극장/영화관
명보시네마,충청남도,장소,문화시설,일반극장/영화관
씨네아트리좀,경상남도,장소,문화시설,일반극장/영화관
부산시네마,부산광역시,장소,문화시설,일반극장/영화관
흰고무신,서울특별시,장소,문화시설,일반극장/영화관
메가박스,서울특별시,장소,문화시설,메가박스
롯데시네마,경기도,장소,문화시설,롯데시네마
양양작은영화관,강원도,장소,문화시설,일반극장/영화관
메가박스,경기도,장소,문화시설,메가박스
메가박스,인천광역시,장소,문화시설,메가박스
롯데시네마,제주특별자치도,장소,문화시설,롯데시네마
CGV(2020년2월예정),경기도,장소,문화시설,CGV
피에스레이싱,서울특별시,장소,문화시설,비디오/DVD감상실
씨네올12,경기도,장소,문화시설,일반극장/영화관
TAKE5DVD,경기도,장소,문화시설,비디오/DVD감상실
코믹잼잼,인천광역시,장소,문화시설,비디오/DVD감상실
에스코라이징,서울특별시,장소,문화시설,비디오/DVD감상실
고센시티,경상남도,장소,문화시설,일반극장/영화관
메가박스영화관,부산광역시,장소,문화시설,비디오/DVD감상실
메가박스,경기도,장소,문화시설,메가박스
레이저미션,인천광역시,장소,문화시설,비디오/DVD감상실
4차원DVD상영관,제주특별자치도,장소,문화시설,비디오/DVD감상실
CGV(2022년1월예정),인천광역시,장소,문화시설,CGV
짱구네다락방,전라북도,장소,문화시설,비디오/DVD감상실
카툰명가,충청남도,장소,문화시설,비디오/DVD감상실
브이알바이러스,충청북도,장소,문화시설,비디오/DVD감상실
브이알존,서울특별시,장소,문화시설,비디오/DVD감상실
짱구네다락방,경기도,장소,문화시설,비디오/DVD감상실
그린비,경기도,장소,문화시설,비디오/DVD감상실
무비갤러리,서울특별시,장소,문화시설,비디오/DVD감상실
캠프브이알,경기도,장소,문화시설,비디오/DVD감상실
엠플레이멀티방,충청북도,장소,문화시설,비디오/DVD감상실
인터파크시어터,서울특별시,장소,문화시설,일반극장/영화관
캠프브이알,경기도,장소,문화시설,비디오/DVD감상실
CGV,부산광역시,장소,문화시설,CGV
인제하늘내린센터작은영화관,강원도,장소,문화시설,일반극장/영화관
포천작은영화관,경기도,장소,문화시설,일반극장/영화관
칠곡호이영화관,경상북도,장소,문화시설,일반극장/영화관
비디오채널라인,광주광역시,장소,문화시설,비디오/DVD감상실
시네마비디오감상실,대전광역시,장소,문화시설,비디오/DVD감상실
메가스토리,대전광역시,장소,문화시설,비디오/DVD감상실
카네기비디오감상실,대전광역시,장소,문화시설,비디오/DVD감상실
씨네맥스HD영화관,울산광역시,장소,문화시설,비디오/DVD감상실
씨엔에스대전점,대전광역시,장소,문화시설,비디오/DVD감상실
롯데시네마,경상북도,장소,문화시설,롯데시네마
메가박스(2022년1월예정),전라북도,장소,문화시설,메가박스
용인자동차극장,경기도,장소,문화시설,일반극장/영화관
CGV,경기도,장소,문화시설,CGV
CGV(2020년5월예정),경상남도,장소,문화시설,CGV
괴산자연드림파크괴산극장,충청북도,장소,문화시설,일반극장/영화관
1번가DVD,경기도,장소,문화시설,비디오/DVD감상실
메가박스,경상북도,장소,문화시설,메가박스
괴산자연드림파크영화관,충청북도,장소,문화시설,일반극장/영화관
롯데시네마,경기도,장소,문화시설,롯데시네마
칸DVD영화관,경기도,장소,문화시설,비디오/DVD감상실
롯데시네마,경상남도,장소,문화시설,롯데시네마
VR퓨처시네마,서울특별시,장소,문화시설,일반극장/영화관
CGV(2020년11월예정),경기도,장소,문화시설,CGV
제주자동차극장,제주특별자치도,장소,문화시설,자동차전용극장
터미널비디오감상실,경기도,장소,문화시설,비디오/DVD감상실
범일DVD소극장,부산광역시,장소,문화시설,비디오/DVD감상실
힐링DVD,전라남도,장소,문화시설,비디오/DVD감상실
롯데시네마(2020년1월예정),충청남도,장소,문화시설,롯데시네마
롯데시네마,경기도,장소,문화시설,롯데시네마
CGV(2020년9월예정),인천광역시,장소,문화시설,CGV
필근아소극장,인천광역시,장소,문화시설,일반극장/영화관
작은영화관(2020년2월예정),경상남도,장소,문화시설,일반극장/영화관
스타맥스DVD영화관,울산광역시,장소,문화시설,비디오/DVD감상실
샵비디오영화감상실,대구광역시,장소,문화시설,비디오/DVD감상실
BLUEDVD,부산광역시,장소,문화시설,비디오/DVD감상실
CGV,서울특별시,장소,문화시설,CGV
놀숲,경기도,장소,문화시설,비디오/DVD감상실
놀숲,경기도,장소,문화시설,비디오/DVD감상실
놀숲,경상남도,장소,문화시설,비디오/DVD감상실
놀숲,강원도,장소,문화시설,비디오/DVD감상실
브이알존,경기도,장소,문화시설,비디오/DVD감상실
캠프브이알,서울특별시,장소,문화시설,비디오/DVD감상실
캠프브이알,경기도,장소,문화시설,비디오/DVD감상실
놀숲,제주특별자치도,장소,문화시설,비디오/DVD감상실
칠곡군작은영화관,경상북도,장소,문화시설,일반극장/영화관
롯데시네마(2021년2월예정),경기도,장소,문화시설,롯데시네마
CGV,경기도,장소,문화시설,CGV
버드랜드,제주특별자치도,장소,문화시설,일반극장/영화관
메가박스(2020년9월예정),경기도,장소,문화시설,메가박스
엔터DVD,서울특별시,장소,문화시설,비디오/DVD감상실
K2DVD영화관,대전광역시,장소,문화시설,비디오/DVD감상실
드림씨어터,부산광역시,장소,문화시설,일반극장/영화관
롯데시네마,제주특별자치도,장소,문화시설,롯데시네마
인생극장낭만실버관,부산광역시,장소,문화시설,일반극장/영화관
DVD존,광주광역시,장소,문화시설,비디오/DVD감상실
메가박스DVD극장,전라북도,장소,문화시설,비디오/DVD감상실
시네마엠디브디방,대구광역시,장소,문화시설,비디오/DVD감상실
조이비디오방,광주광역시,장소,문화시설,비디오/DVD감상실
롯데시네마(2022년2월예정),울산광역시,장소,문화시설,롯데시네마
1939시네마,경기도,장소,문화시설,일반극장/영화관
보성작은영화관,전라남도,장소,문화시설,일반극장/영화관
CGV,울산광역시,장소,문화시설,CGV
시네마360,충청북도,장소,문화시설,일반극장/영화관
CIC,서울특별시,장소,문화시설,비디오/DVD감상실
무비플렉스DVD,서울특별시,장소,문화시설,비디오/DVD감상실
드림씨어터,부산광역시,장소,문화시설,일반극장/영화관
가평작은영화관(2020년6월예정),경기도,장소,문화시설,일반극장/영화관
메가박스,대전광역시,장소,문화시설,메가박스
메가박스,경기도,장소,문화시설,메가박스
롯데시네마(2023년1월예정),전라북도,장소,문화시설,롯데시네마
COOLDVD비디오감상실,서울특별시,장소,문화시설,비디오/DVD감상실
롯데시네마,경상북도,장소,문화시설,롯데시네마
롯데시네마,경상남도,장소,문화시설,롯데시네마
CGV비상설관,경상북도,장소,문화시설,일반극장/영화관
CGV,광주광역시,장소,문화시설,CGV
씨씨방,경기도,장소,문화시설,비디오/DVD감상실
고한시네마,강원도,장소,문화시설,일반극장/영화관
메가박스,경기도,장소,문화시설,메가박스
결초보은문화누리관작은영화관(2020년5월예정),충청북도,장소,문화시설,일반극장/영화관
뮤즈DVD,서울특별시,장소,문화시설,비디오/DVD감상실
씨네24DVD,경기도,장소,문화시설,비디오/DVD감상실
무비겔러리,서울특별시,장소,문화시설,비디오/DVD감상실
코코영화방,대구광역시,장소,문화시설,비디오/DVD감상실
IMAX,경상북도,장소,문화시설,비디오/DVD감상실
추억을파는극장,서울특별시,장소,문화시설,일반극장/영화관
롯데시네마,대구광역시,장소,문화시설,롯데시네마
HUSKYDVD,인천광역시,장소,문화시설,비디오/DVD감상실
럭셔리수DVD관,서울특별시,장소,문화시설,비디오/DVD감상실
팝스DVD영화관,인천광역시,장소,문화시설,비디오/DVD감상실
키네마DVD영화관,인천광역시,장소,문화시설,비디오/DVD감상실
CGV,경기도,장소,문화시설,CGV
대전시마을극장(2019년12월예정),대전광역시,장소,문화시설,일반극장/영화관
마임비디오방,전라북도,장소,문화시설,비디오/DVD감상실
디지털팝콘,서울특별시,장소,문화시설,비디오/DVD감상실
CGV,경기도,장소,문화시설,CGV
조이DVD,서울특별시,장소,문화시설,비디오/DVD감상실
CGV,경기도,장소,문화시설,CGV
롯데시네마,경기도,장소,문화시설,롯데시네마
행복고성작은영화관(2020년2월예정),강원도,장소,문화시설,일반극장/영화관
IMAXDVD,부산광역시,장소,문화시설,비디오/DVD감상실
CGV(2020년12월예정),충청남도,장소,문화시설,CGV
메가박스,충청북도,장소,문화시설,메가박스
롯데시네마,경기도,장소,문화시설,롯데시네마
CGV,대전광역시,장소,문화시설,CGV
롯데시네마,충청북도,장소,문화시설,롯데시네마
작은영화관(2020년12월예정),전라남도,장소,문화시설,일반극장/영화관
메가박스,서울특별시,장소,문화시설,메가박스
CGV,울산광역시,장소,문화시설,CGV
다이아몬드시네마,경기도,장소,문화시설,일반극장/영화관
씨네Q,서울특별시,장소,문화시설,일반극장/영화관
CGV,서울특별시,장소,문화시설,CGV
아세아극장,부산광역시,장소,문화시설,일반극장/영화관
유시어터,서울특별시,장소,문화시설,일반극장/영화관
비보이극장,서울특별시,장소,문화시설,일반극장/영화관
전주시네마타운,전라북도,장소,문화시설,일반극장/영화관
롯데시네마,서울특별시,장소,문화시설,롯데시네마
CGV,서울특별시,장소,문화시설,CGV
롯데시네마,경상북도,장소,문화시설,롯데시네마
메가박스,경상북도,장소,문화시설,메가박스
롯데시네마,경상남도,장소,문화시설,롯데시네마
논산시네마5,충청남도,장소,문화시설,일반극장/영화관
메가박스,경기도,장소,문화시설,메가박스
메가박스,대전광역시,장소,문화시설,메가박스
CGV,광주광역시,장소,문화시설,CGV
CGV,충청남도,장소,문화시설,CGV
CGV,경상남도,장소,문화시설,CGV
CGV,경기도,장소,문화시설,CGV
CGV,인천광역시,장소,문화시설,CGV
CGV,제주특별자치도,장소,문화시설,CGV
CGV,경기도,장소,문화시설,CGV
CGV,인천광역시,장소,문화시설,CGV
CGV,전라북도,장소,문화시설,CGV
롯데시네마,경기도,장소,문화시설,롯데시네마
광주극장,광주광역시,장소,문화시설,일반극장/영화관
63IMAX영화관,서울특별시,장소,문화시설,일반극장/영화관
CGV,경기도,장소,문화시설,CGV
CGV,경상북도,장소,문화시설,CGV
대한극장,인천광역시,장소,문화시설,일반극장/영화관
대한극장,서울특별시,장소,문화시설,일반극장/영화관
롯데시네마,경기도,장소,문화시설,롯데시네마
씨네마파크,경기도,장소,문화시설,일반극장/영화관
롯데시네마,서울특별시,장소,문화시설,롯데시네마
롯데시네마,서울특별시,장소,문화시설,롯데시네마
롯데시네마,인천광역시,장소,문화시설,롯데시네마
롯데시네마,광주광역시,장소,문화시설,롯데시네마
롯데시네마,경상북도,장소,문화시설,롯데시네마
롯데시네마,강원도,장소,문화시설,롯데시네마
롯데시네마,서울특별시,장소,문화시설,롯데시네마
롯데시네마,대전광역시,장소,문화시설,롯데시네마
CGV,경기도,장소,문화시설,CGV
메가박스,경상남도,장소,문화시설,메가박스
CGV,전라남도,장소,문화시설,CGV
롯데시네마,경기도,장소,문화시설,롯데시네마
롯데시네마,부산광역시,장소,문화시설,롯데시네마
롯데시네마,인천광역시,장소,문화시설,롯데시네마
롯데시네마,부산광역시,장소,문화시설,롯데시네마
롯데시네마,제주특별자치도,장소,문화시설,롯데시네마
롯데시네마,경기도,장소,문화시설,롯데시네마
롯데시네마,대구광역시,장소,문화시설,롯데시네마
롯데시네마,경기도,장소,문화시설,롯데시네마
메가박스,전라남도,장소,문화시설,메가박스
롯데시네마,경기도,장소,문화시설,롯데시네마
롯데시네마,경기도,장소,문화시설,롯데시네마
롯데시네마,경기도,장소,문화시설,롯데시네마
롯데시네마,서울특별시,장소,문화시설,롯데시네마
롯데시네마,서울특별시,장소,문화시설,롯데시네마
롯데시네마,울산광역시,장소,문화시설,롯데시네마
롯데시네마,경기도,장소,문화시설,롯데시네마
롯데시네마,전라북도,장소,문화시설,롯데시네마
롯데시네마,경상남도,장소,문화시설,롯데시네마
메가박스,대구광역시,장소,문화시설,메가박스
메가박스,경상북도,장소,문화시설,메가박스
메가박스,경상남도,장소,문화시설,메가박스
메가박스,대구광역시,장소,문화시설,메가박스
메가박스,서울특별시,장소,문화시설,메가박스
메가박스,경기도,장소,문화시설,메가박스
메가박스,서울특별시,장소,문화시설,메가박스
메가박스,울산광역시,장소,문화시설,메가박스
메가박스,전라북도,장소,문화시설,메가박스
메가박스,서울특별시,장소,문화시설,메가박스
명보아트홀,서울특별시,장소,문화시설,일반극장/영화관
메가박스,부산광역시,장소,문화시설,메가박스
서울극장,서울특별시,장소,문화시설,일반극장/영화관
서울아트시네마,서울특별시,장소,문화시설,일반극장/영화관
CGV,경기도,장소,문화시설,CGV
시네마M,대구광역시,장소,문화시설,일반극장/영화관
메가박스,경기도,장소,문화시설,메가박스
CGV,서울특별시,장소,문화시설,CGV
씨네큐브,서울특별시,장소,문화시설,일반극장/영화관
롯데시네마,충청남도,장소,문화시설,롯데시네마
메가박스,제주특별자치도,장소,문화시설,메가박스
애관극장,인천광역시,장소,문화시설,일반극장/영화관
CGV,충청남도,장소,문화시설,일반극장/영화관
CGV,서울특별시,장소,문화시설,CGV
중앙시네마,경상북도,장소,문화시설,일반극장/영화관
CGV,충청북도,장소,문화시설,CGV
영화문화예술센터,제주특별자치도,장소,문화시설,일반극장/영화관
메가박스,광주광역시,장소,문화시설,메가박스
메가박스,광주광역시,장소,문화시설,메가박스
롯데시네마,인천광역시,장소,문화시설,롯데시네마
롯데시네마,경상북도,장소,문화시설,롯데시네마
메가박스,충청남도,장소,문화시설,메가박스
CGV,경기도,장소,문화시설,CGV
메가박스,강원도,장소,문화시설,메가박스
CGV,전라남도,장소,문화시설,CGV
CGV,부산광역시,장소,문화시설,CGV
메가박스,서울특별시,장소,문화시설,메가박스
메가박스,전라북도,장소,문화시설,메가박스
CGV,충청북도,장소,문화시설,CGV
롯데시네마,경기도,장소,문화시설,롯데시네마
CGV,서울특별시,장소,문화시설,CGV
롯데시네마,부산광역시,장소,문화시설,롯데시네마
CGV,부산광역시,장소,문화시설,CGV
CGV,경기도,장소,문화시설,CGV
CGV,대구광역시,장소,문화시설,CGV
화정시네피아,경기도,장소,문화시설,일반극장/영화관
CGV,서울특별시,장소,문화시설,CGV
CGV,서울특별시,장소,문화시설,CGV
CGV,경상남도,장소,문화시설,CGV
CGV,인천광역시,장소,문화시설,CGV
CGV,부산광역시,장소,문화시설,CGV
CGV,대전광역시,장소,문화시설,CGV
CGV,서울특별시,장소,문화시설,CGV
CGV,부산광역시,장소,문화시설,CGV
CGV,부산광역시,장소,문화시설,CGV
CGV,경상남도,장소,문화시설,CGV
CGV,서울특별시,장소,문화시설,CGV
CGV,전라남도,장소,문화시설,CGV
CGV,경기도,장소,문화시설,CGV
CGV,인천광역시,장소,문화시설,CGV
CGV,경기도,장소,문화시설,CGV
CGV,서울특별시,장소,문화시설,CGV
CGV,부산광역시,장소,문화시설,CGV
CGV,경기도,장소,문화시설,CGV
CGV,서울특별시,장소,문화시설,CGV
CGV,경기도,장소,문화시설,CGV
CGV,경기도,장소,문화시설,CGV
CGV,경기도,장소,문화시설,CGV
CGV,서울특별시,장소,문화시설,CGV
메가박스,부산광역시,장소,문화시설,메가박스
롯데시네마,서울특별시,장소,문화시설,롯데시네마
메가박스,서울특별시,장소,문화시설,메가박스
메가박스,전라남도,장소,문화시설,메가박스
메가박스,서울특별시,장소,문화시설,메가박스
메가박스,경기도,장소,문화시설,메가박스
메가박스,경기도,장소,문화시설,메가박스
메가박스,광주광역시,장소,문화시설,메가박스
메가박스,충청남도,장소,문화시설,메가박스
메가박스,경기도,장소,문화시설,메가박스
메가박스,서울특별시,장소,문화시설,메가박스
메가박스,서울특별시,장소,문화시설,메가박스
CGV,경기도,장소,문화시설,CGV
메가박스,충청북도,장소,문화시설,메가박스
CGV,대구광역시,장소,문화시설,CGV
CGV,부산광역시,장소,문화시설,CGV
CGV,경상북도,장소,문화시설,CGV
잠실자동차극장,서울특별시,장소,문화시설,자동차전용극장
용봉산시네마,충청남도,장소,문화시설,자동차전용극장
무비마운틴,경기도,장소,문화시설,자동차전용극장
파랑새자동차극장,경기도,장소,문화시설,자동차전용극장
자유로자동차극장,경기도,장소,문화시설,자동차전용극장
일동빅시네자동차극장,경기도,장소,문화시설,자동차전용극장
평택호자동차극장,경기도,장소,문화시설,자동차전용극장
엑스포과학공원자동차극장,대전광역시,장소,문화시설,자동차전용극장
로드시네마,충청남도,장소,문화시설,자동차전용극장
씨네80,대구광역시,장소,문화시설,자동차전용극장
연육교자동차극장,경상남도,장소,문화시설,자동차전용극장
황산벌자동차극장,충청남도,장소,문화시설,자동차전용극장
팔공산자동차극장,경상북도,장소,문화시설,자동차전용극장
금산자동차극장,충청남도,장소,문화시설,자동차전용극장
씨네스카이자동차극장,대구광역시,장소,문화시설,자동차전용극장
오송자동차극장,충청북도,장소,문화시설,자동차전용극장
무비헌팅차극장,인천광역시,장소,문화시설,자동차전용극장
세종씨네마(2019년12월예정),경기도,장소,문화시설,일반극장/영화관
롯데시네마,전라북도,장소,문화시설,롯데시네마
CGV,충청북도,장소,문화시설,CGV
아이맥스영화관,강원도,장소,문화시설,일반극장/영화관
메가박스,부산광역시,장소,문화시설,메가박스
롯데시네마,부산광역시,장소,문화시설,롯데시네마
CGV,대구광역시,장소,문화시설,CGV
CGV,경기도,장소,문화시설,CGV
롯데시네마,서울특별시,장소,문화시설,롯데시네마
문의자동차극장,충청북도,장소,문화시설,자동차전용극장
CGV,경기도,장소,문화시설,CGV
SFX시네마,충청북도,장소,문화시설,일반극장/영화관
캠프DVD앤VIDEO,강원도,장소,문화시설,비디오/DVD감상실
CGV,강원도,장소,문화시설,CGV
광주자동차극장,광주광역시,장소,문화시설,자동차전용극장
케이투디브이디영화관,대전광역시,장소,문화시설,비디오/DVD감상실
엠디브이디디지털영화관,대구광역시,장소,문화시설,비디오/DVD감상실
탑DVD상영관,대전광역시,장소,문화시설,비디오/DVD감상실
키네마디브이디,경기도,장소,문화시설,비디오/DVD감상실
스마트엠멀티방,서울특별시,장소,문화시설,비디오/DVD감상실
팝스디비디영화관,충청남도,장소,문화시설,비디오/DVD감상실
무비맥스,전라남도,장소,문화시설,비디오/DVD감상실
칸느시네마,울산광역시,장소,문화시설,비디오/DVD감상실
토토로시네마,광주광역시,장소,문화시설,비디오/DVD감상실
DVD시네마클럽,경상북도,장소,문화시설,비디오/DVD감상실
팝스디브이디,경상북도,장소,문화시설,비디오/DVD감상실
디브이디맥스,경상북도,장소,문화시설,비디오/DVD감상실
무비죤,서울특별시,장소,문화시설,비디오/DVD감상실
허리우드비디오방,경기도,장소,문화시설,비디오/DVD감상실
팝스디브이디영화관,제주특별자치도,장소,문화시설,비디오/DVD감상실
너와나DVD영화감상실,부산광역시,장소,문화시설,비디오/DVD감상실
바빌론,광주광역시,장소,문화시설,비디오/DVD감상실
씨디브이디,대구광역시,장소,문화시설,비디오/DVD감상실
디브이디존,경기도,장소,문화시설,비디오/DVD감상실
에덴비디오방,인천광역시,장소,문화시설,비디오/DVD감상실
시네독디브이디영화카페,경기도,장소,문화시설,비디오/DVD감상실
렉시DVD,경기도,장소,문화시설,비디오/DVD감상실
시네맥스,울산광역시,장소,문화시설,비디오/DVD감상실
팝스디브이디,경기도,장소,문화시설,비디오/DVD감상실
엠엠엠,전라북도,장소,문화시설,비디오/DVD감상실
시네마3비디오방,서울특별시,장소,문화시설,비디오/DVD감상실
REDDVD,경상북도,장소,문화시설,비디오/DVD감상실
신흥비디오방,경기도,장소,문화시설,비디오/DVD감상실
무비존,경기도,장소,문화시설,비디오/DVD감상실
폭스디브이디영화관,대구광역시,장소,문화시설,비디오/DVD감상실
도남익,경기도,장소,문화시설,비디오/DVD감상실
롯데컬처웍스,경기도,장소,문화시설,비디오/DVD감상실
시네마존영화감상실,경기도,장소,문화시설,비디오/DVD감상실
수퍼맨비디오방,전라남도,장소,문화시설,비디오/DVD감상실
DVD영화관,경기도,장소,문화시설,비디오/DVD감상실
시네마DVD,충청북도,장소,문화시설,비디오/DVD감상실
애플디브이디,경상북도,장소,문화시설,비디오/DVD감상실
편안한DVD영화관무비워크,대구광역시,장소,문화시설,비디오/DVD감상실
청향,제주특별자치도,장소,문화시설,비디오/DVD감상실
콜롬버스영화관비디오감상실,광주광역시,장소,문화시설,비디오/DVD감상실
멜팅브이알시네마북대점,전라북도,장소,문화시설,비디오/DVD감상실
씨네맥스,광주광역시,장소,문화시설,비디오/DVD감상실
베니스DVD영화관,대구광역시,장소,문화시설,비디오/DVD감상실
엠디비디MDVD,경기도,장소,문화시설,비디오/DVD감상실
VDVD,경상북도,장소,문화시설,비디오/DVD감상실
메가박스,세종특별자치시,장소,문화시설,메가박스
CGV,경기도,장소,문화시설,CGV
시네마존,경기도,장소,문화시설,비디오/DVD감상실
CGV,광주광역시,장소,문화시설,CGV
TAKE5DVD,서울특별시,장소,문화시설,비디오/DVD감상실
명보시네마,서울특별시,장소,문화시설,비디오/DVD감상실
쇼타임DVD,강원도,장소,문화시설,비디오/DVD감상실
한림작은영화관,제주특별자치도,장소,문화시설,일반극장/영화관
엠엔지DVD영화관,서울특별시,장소,문화시설,비디오/DVD감상실
메가박스,세종특별자치시,장소,문화시설,메가박스
필란디아DVD영화관,서울특별시,장소,문화시설,비디오/DVD감상실
CGV(2020년6월예정),부산광역시,장소,문화시설,CGV
경동소극장,서울특별시,장소,문화시설,비디오/DVD감상실
도계작은영화관(2020년6월예정),강원도,장소,문화시설,일반극장/영화관
씨네Q,충청남도,장소,문화시설,일반극장/영화관
CGV,경기도,장소,문화시설,CGV
CGV,경기도,장소,문화시설,CGV
CGV,경기도,장소,문화시설,CGV
메가박스,서울특별시,장소,문화시설,메가박스
팝스DVD영화관,경기도,장소,문화시설,비디오/DVD감상실
무비온라인,경기도,장소,문화시설,비디오/DVD감상실
롯데시네마(2021년1월예정),충청남도,장소,문화시설,롯데시네마
탑DVD상영관,대전광역시,장소,문화시설,비디오/DVD감상실
롯데시네마,경기도,장소,문화시설,롯데시네마
가고파소극장,대구광역시,장소,문화시설,비디오/DVD감상실
멀티플렉스영화관,서울특별시,장소,문화시설,비디오/DVD감상실
프라임DVD,경기도,장소,문화시설,비디오/DVD감상실
CGV,경기도,장소,문화시설,CGV
서라벌극장,경기도,장소,문화시설,비디오/DVD감상실
롯데시네마(2020년7월예정),서울특별시,장소,문화시설,롯데시네마
퍼스트가든자동차극장,경기도,장소,문화시설,자동차전용극장
CGV,경기도,장소,문화시설,CGV
CGV,경기도,장소,문화시설,CGV
롯데시네마(2020년8월예정),대구광역시,장소,문화시설,롯데시네마
CGV,경기도,장소,문화시설,CGV
포천클라우드시네마,경기도,장소,문화시설,일반극장/영화관
롯데시네마,서울특별시,장소,문화시설,롯데시네마
퍼스트가든자동차극장,경기도,장소,문화시설,자동차전용극장
