이름,지역,클래스,카테고리,국공립/시립,비용,연방문인원
국립중앙박물관,서울특별시,문화시설,박물관,국립,,3354161.0
국립민속박물관,서울특별시,문화시설,박물관,국립,무료,2286276.0
대한민국역사박물관,서울특별시,문화시설,박물관,국립,무료,1058886.0
국립한글박물관,서울특별시,문화시설,박물관,국립,무료,776570.0
국립국악원 국악박물관,서울특별시,문화시설,박물관,국립,무료,41218.0
국립극장 공연예술박물관,서울특별시,문화시설,박물관,국립,무료,8373.0
한국영화박물관,서울특별시,문화시설,박물관,국립,무료,78337.0
국립고궁박물관,서울특별시,문화시설,박물관,국립,1000,1118081.0
석조전 대한제국역사관,서울특별시,문화시설,박물관,국립,무료,2413596.0
육군박물관,서울특별시,문화시설,박물관,국립,,63800.0
국토발전전시관,서울특별시,문화시설,박물관,국립,무료,83847.0
국립경찰박물관,서울특별시,문화시설,박물관,국립,,302008.0
국립관세박물관,서울특별시,문화시설,박물관,국립,,3186.0
국회 헌정기념관,서울특별시,문화시설,박물관,국립,,280698.0
둘리뮤지엄,서울특별시,문화시설,박물관,공립,,75160.0
서대문자연사박물관,서울특별시,문화시설,박물관,공립,,289031.0
서대문형무소역사관,서울특별시,문화시설,박물관,공립,,1014559.0
서울교육박물관,서울특별시,문화시설,박물관,공립,,129712.0
서울상상나라,서울특별시,문화시설,박물관,공립,,499367.0
서울약령시한의약박물관,서울특별시,문화시설,박물관,공립,,76985.0
서울역사박물관,서울특별시,문화시설,박물관,공립,무료,1058981.0
성북선잠박물관,서울특별시,문화시설,박물관,공립,무료,12000.0
손기정기념관,서울특별시,문화시설,박물관,공립,무료,11869.0
수도박물관,서울특별시,문화시설,박물관,공립,무료,143935.0
암사동선사유적박물관,서울특별시,문화시설,박물관,공립,,120358.0
은평역사한옥박물관,서울특별시,문화시설,박물관,공립,무료,73763.0
청계천박물관,서울특별시,문화시설,박물관,공립,,175697.0
한성백제박물관,서울특별시,문화시설,박물관,공립,,788010.0
허준박물관,서울특별시,문화시설,박물관,공립,,72888.0
송파책박물관,서울특별시,문화시설,박물관,공립,,196588.0
서울우리소리박물관,서울특별시,문화시설,박물관,공립,,8890.0
가회민화박물관,서울특별시,문화시설,박물관,사립,,14299.0
경기여자고등학교 경운박물관,서울특별시,문화시설,박물관,사립,,5000.0
고촌이종근기념관,서울특별시,문화시설,박물관,사립,,3250.0
관문사 성보박물관,서울특별시,문화시설,박물관,사립,,2000.0
그레뱅뮤지엄,서울특별시,문화시설,박물관,사립,,72270.0
기생충박물관,서울특별시,문화시설,박물관,사립,무료,15000.0
김달진미술자료박물관,서울특별시,문화시설,박물관,사립,,2400.0
농협 농업박물관,서울특별시,문화시설,박물관,사립,,261308.0
도산안창호기념관,서울특별시,문화시설,박물관,사립,,58879.0
떡박물관,서울특별시,문화시설,박물관,사립,,24904.0
롯데월드민속박물관,서울특별시,문화시설,박물관,사립,,240000.0
명인박물관,서울특별시,문화시설,박물관,사립,,600.0
목인박물관 목석원,서울특별시,문화시설,박물관,사립,,1767.0
뮤지엄김치간,서울특별시,문화시설,박물관,사립,무료,36389.0
박을복자수박물관,서울특별시,문화시설,박물관,사립,,800.0
배재학당역사박물관,서울특별시,문화시설,박물관,사립,무료,105780.0
백범김구기념관,서울특별시,문화시설,박물관,사립,무료,198196.0
보나장신구박물관,서울특별시,문화시설,박물관,사립,,100.0
북촌동양문화박물관,서울특별시,문화시설,박물관,사립,,19006.0
북촌박물관,서울특별시,문화시설,박물관,사립,,5500.0
북촌생활사박물관,서울특별시,문화시설,박물관,사립,,6155.0
불교중앙박물관,서울특별시,문화시설,박물관,사립,,21365.0
브이센터 더 라이브 뮤지엄,서울특별시,문화시설,박물관,사립,,34088.0
삼성출판박물관,서울특별시,문화시설,박물관,사립,,765.0
샬트르 성 바오로 수녀회 역사박물관,서울특별시,문화시설,박물관,사립,,1453.0
서울대학교병원 의학박물관,서울특별시,문화시설,박물관,사립,,16780.0
세계골프역사박물관,서울특별시,문화시설,박물관,사립,,2005.0
다문화박물관,서울특별시,문화시설,박물관,사립,,22090.0
세계장신구박물관,서울특별시,문화시설,박물관,사립,,5000.0
쉼박물관,서울특별시,문화시설,박물관,사립,,614.0
신문박물관 PRESSEUM,서울특별시,문화시설,박물관,사립,,28000.0
영인문학관,서울특별시,문화시설,박물관,사립,,1600.0
우리옛돌박물관,서울특별시,문화시설,박물관,사립,,18229.0
우리은행 은행사박물관,서울특별시,문화시설,박물관,사립,,15507.0
우석뮤지엄,서울특별시,문화시설,박물관,사립,,3000.0
유금와당박물관,서울특별시,문화시설,박물관,사립,,3207.0
이한열기념관,서울특별시,문화시설,박물관,사립,,3807.0
이화박물관,서울특별시,문화시설,박물관,사립,,24000.0
인도박물관,서울특별시,문화시설,박물관,사립,,4500.0
전기박물관,서울특별시,문화시설,박물관,사립,,77844.0
전쟁과여성인권박물관,서울특별시,문화시설,박물관,사립,무료,22253.0
전쟁기념관,서울특별시,문화시설,박물관,사립,,2379672.0
종이나라박물관,서울특별시,문화시설,박물관,사립,무료,20000.0
짚풀생활사박물관,서울특별시,문화시설,박물관,사립,,3888.0
초전섬유·퀼트박물관,서울특별시,문화시설,박물관,사립,,1399.0
춘원당한방박물관,서울특별시,문화시설,박물관,사립,,6540.0
코리아나 화장박물관,서울특별시,문화시설,박물관,사립,,10133.0
탄허기념불교박물관,서울특별시,문화시설,박물관,사립,,8000.0
피규어뮤지엄W,서울특별시,문화시설,박물관,사립,,30000.0
한국가구박물관,서울특별시,문화시설,박물관,사립,,12161.0
한국광고박물관,서울특별시,문화시설,박물관,사립,,8708.0
한국금융사박물관,서울특별시,문화시설,박물관,사립,,25331.0
한국색동박물관,서울특별시,문화시설,박물관,사립,,1340.0
한국은행 화폐박물관,서울특별시,문화시설,박물관,사립,무료,232092.0
한국잡지박물관,서울특별시,문화시설,박물관,사립,,476.0
한국천주교순교자박물관,서울특별시,문화시설,박물관,사립,,100000.0
한국현대문학관,서울특별시,문화시설,박물관,사립,,7500.0
한무숙문학관,서울특별시,문화시설,박물관,사립,,2200.0
한익환서울아트박물관,서울특별시,문화시설,박물관,사립,,2402.0
혜곡최순우기념관,서울특별시,문화시설,박물관,사립,,15553.0
호림박물관(신림본관),서울특별시,문화시설,박물관,사립,,2633.0
호림박물관(신사분관),서울특별시,문화시설,박물관,사립,2000,4167.0
화정박물관,서울특별시,문화시설,박물관,사립,,3513.0
평강성서유물박물관,서울특별시,문화시설,박물관,사립,,1767.0
간송박물관,서울특별시,문화시설,박물관,사립,,40035.0
꼭두박물관(휴관),서울특별시,문화시설,박물관,사립,,
쇳대박물관(휴관),서울특별시,문화시설,박물관,사립,,6000.0
서울올림픽기념관,서울특별시,문화시설,박물관,사립,,0.0
안중근의사기념관,서울특별시,문화시설,박물관,사립,,128092.0
건국대학교 박물관,서울특별시,문화시설,박물관,대학,,17311.0
경희대학교 자연사박물관,서울특별시,문화시설,박물관,대학,,15000.0
경희대학교 중앙박물관,서울특별시,문화시설,박물관,대학,,2886.0
고려대학교박물관,서울특별시,문화시설,박물관,대학,,40822.0
국민대학교 박물관,서울특별시,문화시설,박물관,대학,,12302.0
덕성여자대학교 박물관,서울특별시,문화시설,박물관,대학,,58000.0
동국대학교 박물관,서울특별시,문화시설,박물관,대학,,3850.0
동덕여자대학교발물관,서울특별시,문화시설,박물관,대학,,6000.0
삼육대학교 박물관,서울특별시,문화시설,박물관,대학,,5000.0
상명대학교 박물관,서울특별시,문화시설,박물관,대학,,2323.0
서울대학교 치의학대학원 치의학박물관,서울특별시,문화시설,박물관,대학,,460.0
서울대학교 박물관,서울특별시,문화시설,박물관,대학,,38496.0
서울시립대학교 박물관,서울특별시,문화시설,박물관,대학,,4416.0
서울여자대학교 박물관,서울특별시,문화시설,박물관,대학,,5000.0
성균관대학교 박물관,서울특별시,문화시설,박물관,대학,,15000.0
성신여자대학교 박물관,서울특별시,문화시설,박물관,대학,,1545.0
성신여자대학교 자연사박물관,서울특별시,문화시설,박물관,대학,,2678.0
성신여자대학교 정원박광훈복식박물관,서울특별시,문화시설,박물관,대학,,1845.0
세종대학교 박물관,서울특별시,문화시설,박물관,대학,,1807.0
숭실대학교 한국기독교박물관,서울특별시,문화시설,박물관,대학,무료,15356.0
연세대학교 박물관,서울특별시,문화시설,박물관,대학,,43000.0
이화여자대학교 박물관,서울특별시,문화시설,박물관,대학,,59236.0
이화여자대학교 자연사박물관,서울특별시,문화시설,박물관,대학,,18406.0
한양대학교 박물관,서울특별시,문화시설,박물관,대학,,46119.0
홍익대학교 박물관,서울특별시,문화시설,박물관,대학,,3000.0
숙명여자대학교 박물관,서울특별시,문화시설,박물관,대학,,1500.0
숙명여자대학교 정영양자수박물관,서울특별시,문화시설,박물관,대학,,1000.0
경희대학교 한의학역사박물관(휴관),서울특별시,문화시설,박물관,대학,,
국립일제강제동원역사관,부산광역시,문화시설,박물관,국립,,195949.0
국립해양박물관,부산광역시,문화시설,박물관,국립,1000,1230264.0
동삼동패총전시관,부산광역시,문화시설,박물관,공립,X,48410.0
복천박물관,부산광역시,문화시설,박물관,공립,,142303.0
부산근대역사관,부산광역시,문화시설,박물관,공립,,146616.0
부산박물관,부산광역시,문화시설,박물관,공립,,209296.0
부산시민공원역사관,부산광역시,문화시설,박물관,공립,,62984.0
부산어촌민속관,부산광역시,문화시설,박물관,공립,,101576.0
부산영화체험박물관,부산광역시,문화시설,박물관,공립,무료,179595.0
부산해양자연사박물관,부산광역시,문화시설,박물관,공립,"1,000~2,000",200945.0
사상생활사박물관,부산광역시,문화시설,박물관,공립,,15990.0
임시수도기념관,부산광역시,문화시설,박물관,공립,,62487.0
정관박물관,부산광역시,문화시설,박물관,공립,,109687.0
록봉민속교육박물관,부산광역시,문화시설,박물관,사립,,36000.0
범어사 성보박물관,부산광역시,문화시설,박물관,사립,,56000.0
부산포민속박물관,부산광역시,문화시설,박물관,사립,,9954.0
오륜대 한국순교자박물관,부산광역시,문화시설,박물관,사립,,12000.0
유엔평화기념관,부산광역시,문화시설,박물관,사립,,126626.0
한국기독교선교박물관,부산광역시,문화시설,박물관,사립,,8500.0
한국거래소 자본시장역사박물관,부산광역시,문화시설,박물관,사립,무료,18038.0
경성대학교 박물관,부산광역시,문화시설,박물관,대학,,8790.0
동아대학교 석당박물관,부산광역시,문화시설,박물관,대학,무료,111186.0
동의대학교 박물관,부산광역시,문화시설,박물관,대학,,1722.0
동주대학교 석파박물관,부산광역시,문화시설,박물관,대학,,800.0
부경대학교 박물관,부산광역시,문화시설,박물관,대학,,16453.0
부산과학기술대학교 민속자료실 박물관,부산광역시,문화시설,박물관,대학,,1426.0
부산대학교 박물관,부산광역시,문화시설,박물관,대학,,12357.0
신라대학교 박물관,부산광역시,문화시설,박물관,대학,,3304.0
부산여자대학교 한국차박물관,부산광역시,문화시설,박물관,대학,,1200.0
한국해양대학교 박물관,부산광역시,문화시설,박물관,대학,,1938.0
부산교육대학교 한새뮤지엄(교육박물관),부산광역시,문화시설,박물관,대학,,15000.0
국립대구박물관,대구광역시,문화시설,박물관,국립,무료,548808.0
국채보상운동기념관,대구광역시,문화시설,박물관,공립,O,64200.0
대구교육박물관,대구광역시,문화시설,박물관,공립,,62451.0
대구근대역사관,대구광역시,문화시설,박물관,공립,무료,90030.0
대구향토역사관,대구광역시,문화시설,박물관,공립,,61189.0
방짜유기박물관,대구광역시,문화시설,박물관,공립,,175000.0
약령시한의약박물관,대구광역시,문화시설,박물관,공립,무료,121350.0
대구섬유박물관,대구광역시,문화시설,박물관,공립,,72855.0
농경생활사박물관,대구광역시,문화시설,박물관,사립,,81000.0
박물관 수,대구광역시,문화시설,박물관,사립,,3500.0
자연염색박물관,대구광역시,문화시설,박물관,사립,,2326.0
전통산업박물관,대구광역시,문화시설,박물관,사립,,1250.0
대구은행금융박물관,대구광역시,문화시설,박물관,사립,,7373.0
경북대학교 박물관,대구광역시,문화시설,박물관,대학,무료,29804.0
계명대학교 행소박물관,대구광역시,문화시설,박물관,대학,,48586.0
대구보건대학교 인당뮤지엄,대구광역시,문화시설,박물관,대학,,11796.0
강화역사박물관,인천광역시,문화시설,박물관,공립,,181172.0
강화자연사박물관,인천광역시,문화시설,박물관,공립,,156103.0
강화전쟁박물관,인천광역시,문화시설,박물관,공립,,74399.0
검단선사박물관,인천광역시,문화시설,박물관,공립,,41193.0
인천광역시 서구 녹청자박물관,인천광역시,문화시설,박물관,공립,,39912.0
부평역사박물관,인천광역시,문화시설,박물관,공립,,90739.0
소래역사관,인천광역시,문화시설,박물관,공립,,47342.0
수도국산달동네박물관,인천광역시,문화시설,박물관,공립,,103062.0
영종역사관,인천광역시,문화시설,박물관,공립,,40967.0
인천광역시 시립박물관,인천광역시,문화시설,박물관,공립,무료,99406.0
인천개항박물관,인천광역시,문화시설,박물관,공립,,93167.0
인천도시역사관,인천광역시,문화시설,박물관,공립,,140266.0
짜장면박물관,인천광역시,문화시설,박물관,공립,,207008.0
한국근대문학관,인천광역시,문화시설,박물관,공립,,31150.0
한국이민사박물관,인천광역시,문화시설,박물관,공립,무료,98510.0
가천박물관,인천광역시,문화시설,박물관,사립,,12642.0
국제성서박물관,인천광역시,문화시설,박물관,사립,,5000.0
범패민속문화박물관,인천광역시,문화시설,박물관,사립,,4000.0
옥토끼우주센터,인천광역시,문화시설,박물관,사립,,174840.0
애보박물관,인천광역시,문화시설,박물관,사립,,40486.0
인천어린이박물관,인천광역시,문화시설,박물관,사립,,70000.0
인천학생6.25참전관,인천광역시,문화시설,박물관,사립,,63900.0
재미난박물관,인천광역시,문화시설,박물관,사립,,3000.0
초연다구박물관,인천광역시,문화시설,박물관,사립,,2000.0
한국선교역사기념관,인천광역시,문화시설,박물관,사립,,5634.0
한국전통음식박물관,인천광역시,문화시설,박물관,사립,,40486.0
혜명단청박물관,인천광역시,문화시설,박물관,사립,,2000.0
인하대학교 박물관,인천광역시,문화시설,박물관,대학,,1570.0
국립광주박물관,광주광역시,문화시설,박물관,국립,무료,567047.0
아시아문화박물관,광주광역시,문화시설,박물관,국립,,422553.0
광주광역시립민속박물관,광주광역시,문화시설,박물관,공립,,53879.0
광주김치박물관,광주광역시,문화시설,박물관,공립,,101732.0
남도향토음식박물관,광주광역시,문화시설,박물관,공립,,31605.0
비움박물관,광주광역시,문화시설,박물관,사립,,6000.0
한국미용박물관,광주광역시,문화시설,박물관,사립,,21000.0
KJB금융박물관,광주광역시,문화시설,박물관,사립,,6620.0
광주교육대학교 교육박물관,광주광역시,문화시설,박물관,대학,,8918.0
전남대학교 박물관,광주광역시,문화시설,박물관,대학,,7801.0
전남대학교 의학박물관,광주광역시,문화시설,박물관,대학,,870.0
조선대학교 박물관,광주광역시,문화시설,박물관,대학,,2889.0
대전시립박물관,대전광역시,문화시설,박물관,공립,,49899.0
선사박물관,대전광역시,문화시설,박물관,공립,,26527.0
한밭교육박물관,대전광역시,문화시설,박물관,공립,,27189.0
한국족보박물관,대전광역시,문화시설,박물관,공립,,199252.0
옛터민속박물관,대전광역시,문화시설,박물관,사립,,80000.0
한국수자원공사 대청댐물문화관,대전광역시,문화시설,박물관,사립,,233023.0
한국조폐공사 화폐박물관,대전광역시,문화시설,박물관,사립,무료,116913.0
한국지질자원연구원 지질박물관,대전광역시,문화시설,박물관,사립,무료,54081.0
대전대학교박물관,대전광역시,문화시설,박물관,대학,,3482.0
배재대학교 박물관,대전광역시,문화시설,박물관,대학,,1895.0
충남대학교 박물관,대전광역시,문화시설,박물관,대학,,7000.0
충남대학교 자연사박물관,대전광역시,문화시설,박물관,대학,,4030.0
한남대학교 자연사박물관,대전광역시,문화시설,박물관,대학,,10000.0
한남대학교 중앙박물관,대전광역시,문화시설,박물관,대학,,6542.0
KAIST 비전관,대전광역시,문화시설,박물관,대학,,36784.0
충렬공박제상기념관,울산광역시,문화시설,박물관,공립,,31490.0
울산박물관,울산광역시,문화시설,박물관,공립,,170606.0
울산대곡박물관,울산광역시,문화시설,박물관,공립,,49923.0
울산암각화박물관,울산광역시,문화시설,박물관,공립,,100244.0
울산옹기박물관,울산광역시,문화시설,박물관,공립,,50285.0
울주민속박물관,울산광역시,문화시설,박물관,공립,,37193.0
외솔기념관,울산광역시,문화시설,박물관,공립,,55275.0
장생포고래박물관,울산광역시,문화시설,박물관,공립,,253448.0
울산해양박물관,울산광역시,문화시설,박물관,사립,,17920.0
울산대학교박물관,울산광역시,문화시설,박물관,대학,,8220.0
국립조세박물관,세종특별자치시,문화시설,박물관,국립,,32099.0
세종시립민속박물관,세종특별자치시,문화시설,박물관,공립,,13748.0
충청남도산림박물관,세종특별자치시,문화시설,박물관,공립,,215920.0
교과서박물관,세종특별자치시,문화시설,박물관,사립,,22425.0
세종전통장류박물관,세종특별자치시,문화시설,박물관,사립,,19000.0
한국여인생활사박물관,세종특별자치시,문화시설,박물관,사립,,9000.0
연기향토박물관,세종특별자치시,문화시설,박물관,사립,,7500.0
국립6.25전쟁납북자기념관,경기도,문화시설,박물관,국립,무료,49623.0
국립수목원 산림박물관,경기도,문화시설,박물관,국립,무료,293568.0
국립여성사전시관,경기도,문화시설,박물관,국립,,55986.0
세종대왕역사문화관,경기도,문화시설,박물관,국립,,315613.0
지도박물관,경기도,문화시설,박물관,국립,,40582.0
고양가와지볍씨박물관,경기도,문화시설,박물관,공립,,20000.0
고구려대장간마을,경기도,문화시설,박물관,공립,,58340.0
고양어린이박물관,경기도,문화시설,박물관,공립,,262000.0
과천시 추사박물관,경기도,문화시설,박물관,공립,,21498.0
경기도박물관,경기도,문화시설,박물관,공립,,185748.0
경기도어린이박물관,경기도,문화시설,박물관,공립,,605297.0
경기도자박물관,경기도,문화시설,박물관,공립,,74365.0
김중업건축박물관,경기도,문화시설,박물관,공립,무료,48539.0
남양주시립박물관,경기도,문화시설,박물관,공립,,59201.0
동두천시 경기북부어린이박물관,경기도,문화시설,박물관,공립,,151797.0
명성황후기념관,경기도,문화시설,박물관,공립,,110657.0
몽양기념관,경기도,문화시설,박물관,공립,,12968.0
부천교육박물관,경기도,문화시설,박물관,공립,,15483.0
부천수석박물관,경기도,문화시설,박물관,공립,,11468.0
부천옹기박물관,경기도,문화시설,박물관,공립,,21982.0
부천유럽자기박물관,경기도,문화시설,박물관,공립,,11426.0
부천자연생태박물관,경기도,문화시설,박물관,공립,,341735.0
부천펄벅기념관,경기도,문화시설,박물관,공립,,17078.0
부천활박물관,경기도,문화시설,박물관,공립,,17683.0
수원박물관,경기도,문화시설,박물관,공립,,123853.0
수원화성박물관,경기도,문화시설,박물관,공립,무료,348250.0
수원광교박물관,경기도,문화시설,박물관,공립,,115242.0
성호기념관,경기도,문화시설,박물관,공립,,35640.0
세미원연꽃박물관,경기도,문화시설,박물관,공립,,474303.0
시흥오이도박물관,경기도,문화시설,박물관,공립,,137512.0
실학박물관,경기도,문화시설,박물관,공립,무료,202285.0
안산어촌민속박물관,경기도,문화시설,박물관,공립,,46441.0
안산향토사박물관,경기도,문화시설,박물관,공립,,35453.0
안성맞춤박물관,경기도,문화시설,박물관,공립,,42427.0
안성3.1운동기념관,경기도,문화시설,박물관,공립,,88337.0
안양박물관,경기도,문화시설,박물관,공립,무료,63733.0
양주시립회암사지박물관,경기도,문화시설,박물관,공립,무료,216161.0
양평곤충박물관,경기도,문화시설,박물관,공립,,69169.0
양평친환경농업박물관,경기도,문화시설,박물관,공립,,77362.0
여주박물관,경기도,문화시설,박물관,공립,,117745.0
여주시립폰박물관,경기도,문화시설,박물관,공립,무료,18000.0
용인시박물관,경기도,문화시설,박물관,공립,,32837.0
유엔군 초전기념관,경기도,문화시설,박물관,공립,,28455.0
의왕향토사료관,경기도,문화시설,박물관,공립,,17510.0
이천세계도자센터,경기도,문화시설,박물관,공립,,11007.0
이천시립박물관,경기도,문화시설,박물관,공립,,38000.0
자유수호평화박물관,경기도,문화시설,박물관,공립,,85103.0
전곡선사박물관,경기도,문화시설,박물관,공립,무료,200784.0
제암리 3.1운동 순국기념관,경기도,문화시설,박물관,공립,무료,86000.0
최용신기념관,경기도,문화시설,박물관,공립,,42906.0
판교박물관,경기도,문화시설,박물관,공립,,53881.0
포천 역사문화관,경기도,문화시설,박물관,공립,,10000.0
하남역사박물관,경기도,문화시설,박물관,공립,,53973.0
한국만화박물관,경기도,문화시설,박물관,공립,,261380.0
화성시 향토박물관,경기도,문화시설,박물관,공립,,33564.0
황순원문학촌 소나기마을,경기도,문화시설,박물관,공립,,104225.0
(재)중남미문화원병설박물관,경기도,문화시설,박물관,사립,,32721.0
증권박물관,경기도,문화시설,박물관,사립,,16229.0
김포 다도박물관,경기도,문화시설,박물관,사립,,29507.0
덕소자연사박물관,경기도,문화시설,박물관,사립,,20923.0
덕포진교육박물관,경기도,문화시설,박물관,사립,,15670.0
돌석도예박물관,경기도,문화시설,박물관,사립,,3000.0
두루뫼사료관,경기도,문화시설,박물관,사립,,7369.0
부천로보파크전시관,경기도,문화시설,박물관,사립,,56339.0
만해기념관,경기도,문화시설,박물관,사립,,20000.0
말박물관,경기도,문화시설,박물관,사립,,24062.0
목아박물관,경기도,문화시설,박물관,사립,,17740.0
미호박물관,경기도,문화시설,박물관,사립,,106807.0
배다골민속박물관,경기도,문화시설,박물관,사립,,111368.0
벽봉한국장신구박물관,경기도,문화시설,박물관,사립,,11976.0
사람박물관얼굴,경기도,문화시설,박물관,사립,,1500.0
삶의이야기가있는집,경기도,문화시설,박물관,사립,,500.0
삼성화재교통박물관,경기도,문화시설,박물관,사립,,204720.0
세계민속악기박물관(헤이리),경기도,문화시설,박물관,사립,,13308.0
세계인형박물관,경기도,문화시설,박물관,사립,,6550.0
대한불교조계종봉녕사 세주묘엄박물관,경기도,문화시설,박물관,사립,,17000.0
신영숙컬렉션박물관,경기도,문화시설,박물관,사립,,8200.0
아해한국전통문화어린이박물관,경기도,문화시설,박물관,사립,,11895.0
아프리카예술박물관,경기도,문화시설,박물관,사립,,28000.0
양평아프리카문화예술박물관,경기도,문화시설,박물관,사립,,1200.0
옹청박물관,경기도,문화시설,박물관,사립,,1190.0
왈츠와 닥터만 커피박물관,경기도,문화시설,박물관,사립,,4558.0
여성생활사박물관,경기도,문화시설,박물관,사립,,4200.0
여주곤충박물관,경기도,문화시설,박물관,사립,,83000.0
영집궁시박물관,경기도,문화시설,박물관,사립,,4573.0
예아리박물관,경기도,문화시설,박물관,사립,,
외할머니의 부엌,경기도,문화시설,박물관,사립,,8000.0
용주사 효행박물관,경기도,문화시설,박물관,사립,,42000.0
우석헌자연사박물관,경기도,문화시설,박물관,사립,,42406.0
유진민속박물관,경기도,문화시설,박물관,사립,,11451.0
이풀실내정원,경기도,문화시설,박물관,사립,,81200.0
일본군위안부역사관,경기도,문화시설,박물관,사립,,7940.0
잔아문학박물관,경기도,문화시설,박물관,사립,,6803.0
조명박물관,경기도,문화시설,박물관,사립,,69336.0
조병화문학관,경기도,문화시설,박물관,사립,,3157.0
종자와 시인 박물관,경기도,문화시설,박물관,사립,,
창조자연사박물관,경기도,문화시설,박물관,사립,,10500.0
철도박물관,경기도,문화시설,박물관,사립,무료,155080.0
충현박물관,경기도,문화시설,박물관,사립,,12082.0
타임앤블레이드박물관,경기도,문화시설,박물관,사립,,4167.0
파주나비나라박물관,경기도,문화시설,박물관,사립,3000,8124.0
풀짚공예박물관,경기도,문화시설,박물관,사립,,4712.0
프라움악기박물관,경기도,문화시설,박물관,사립,,29500.0
피노지움,경기도,문화시설,박물관,사립,,17105.0
한과문화박물관,경기도,문화시설,박물관,사립,,1151.0
한국근현대사박물관,경기도,문화시설,박물관,사립,,17111.0
한국기독교역사박물관,경기도,문화시설,박물관,사립,,6632.0
(재)한국등잔박물관,경기도,문화시설,박물관,사립,,8871.0
한국민속촌 박물관,경기도,문화시설,박물관,사립,2000,202024.0
한국카메라박물관,경기도,문화시설,박물관,사립,,13521.0
한국탁본자료관,경기도,문화시설,박물관,사립,,3600.0
한길책박물관,경기도,문화시설,박물관,사립,,3866.0
한얼고문서유물관,경기도,문화시설,박물관,사립,,1000.0
한얼과학문화관,경기도,문화시설,박물관,사립,,1000.0
한얼산업디자인유물관,경기도,문화시설,박물관,사립,,1000.0
한얼의학유물관,경기도,문화시설,박물관,사립,,1000.0
한얼전적유물관,경기도,문화시설,박물관,사립,,1000.0
한얼카메라유물관,경기도,문화시설,박물관,사립,,1000.0
한향림옹기박물관,경기도,문화시설,박물관,사립,,9853.0
허브아일랜드식물원,경기도,문화시설,박물관,사립,,474000.0
호암미술관,경기도,문화시설,박물관,사립,,210000.0
화폐박물관,경기도,문화시설,박물관,사립,,4176.0
설민민화박물관(휴관),경기도,문화시설,박물관,사립,,
신세계한국상업사박물관(휴관),경기도,문화시설,박물관,사립,,
예당국악박물관(휴관),경기도,문화시설,박물관,사립,,
경기대학교 소성박물관,경기도,문화시설,박물관,대학,,47974.0
경희대학교 혜정박물관,경기도,문화시설,박물관,대학,,2995.0
단국대학교 석주선기념박물관,경기도,문화시설,박물관,대학,,10696.0
명지대학교 박물관,경기도,문화시설,박물관,대학,,3600.0
수원대학교 박물관,경기도,문화시설,박물관,대학,,2500.0
신구대학교 우촌박물관,경기도,문화시설,박물관,대학,,6000.0
아주대학교 도구박물관,경기도,문화시설,박물관,대학,,7000.0
용인대학교 박물관,경기도,문화시설,박물관,대학,,721.0
청강만화역사박물관,경기도,문화시설,박물관,대학,,5506.0
한국항공대학교 항공우주박물관,경기도,문화시설,박물관,대학,,35000.0
한신대학교 박물관,경기도,문화시설,박물관,대학,,2000.0
국립춘천박물관,강원도,문화시설,박물관,국립,,275687.0
국립산악박물관,강원도,문화시설,박물관,국립,무료,111996.0
강원경찰박물관,강원도,문화시설,박물관,국립,,9120.0
강원도디엠제트박물관,강원도,문화시설,박물관,공립,,302050.0
강원도산림박물관,강원도,문화시설,박물관,공립,,195577.0
대관령박물관,강원도,문화시설,박물관,공립,,33010.0
김시습기념관,강원도,문화시설,박물관,공립,,12641.0
허균허난설헌기념관,강원도,문화시설,박물관,공립,,177725.0
마리소리골악기박물관,강원도,문화시설,박물관,공립,,4009.0
박인환문학관,강원도,문화시설,박물관,공립,,53415.0
삼척시립박물관,강원도,문화시설,박물관,공립,,28942.0
속초시립박물관,강원도,문화시설,박물관,공립,,141036.0
숲사랑홍보관,강원도,문화시설,박물관,공립,,30125.0
아리랑박물관,강원도,문화시설,박물관,공립,,18703.0
양구선사박물관,강원도,문화시설,박물관,공립,,25272.0
양구근현대사박물관,강원도,문화시설,박물관,공립,,25877.0
양구백자박물관,강원도,문화시설,박물관,공립,,14991.0
양구인문학박물관,강원도,문화시설,박물관,공립,,15456.0
오산리선사유적박물관,강원도,문화시설,박물관,공립,,67643.0
어촌민속전시관,강원도,문화시설,박물관,공립,,
여초서예관,강원도,문화시설,박물관,공립,,13892.0
오죽헌시립박물관,강원도,문화시설,박물관,공립,,869848.0
원주시역사박물관,강원도,문화시설,박물관,공립,,68908.0
의암류인석기념관,강원도,문화시설,박물관,공립,,32098.0
춘천인형극박물관,강원도,문화시설,박물관,공립,,3193.0
인제산촌민속박물관,강원도,문화시설,박물관,공립,무료,53415.0
정선향토박물관,강원도,문화시설,박물관,공립,,88500.0
애니메이션박물관,강원도,문화시설,박물관,공립,,232965.0
춘천막국수체험박물관,강원도,문화시설,박물관,공립,,40000.0
태백고생대자연사박물관,강원도,문화시설,박물관,공립,,43610.0
태백석탄박물관,강원도,문화시설,박물관,공립,,98357.0
파로호 안보전시관,강원도,문화시설,박물관,공립,,10580.0
팔랑민속관,강원도,문화시설,박물관,공립,,366.0
한국시집박물관,강원도,문화시설,박물관,공립,,15525.0
홍천향토사료관,강원도,문화시설,박물관,공립,,7358.0
화진포 생태박물관,강원도,문화시설,박물관,공립,,310196.0
화진포 역사안보전시관,강원도,문화시설,박물관,공립,,310196.0
황영조기념관,강원도,문화시설,박물관,공립,,15952.0
6.25전쟁체험기념관,강원도,문화시설,박물관,공립,,727000.0
별마로천문대,강원도,문화시설,박물관,공립,,43047.0
난고 김삿갓 문학관,강원도,문화시설,박물관,공립,,26194.0
동강사진박물관,강원도,문화시설,박물관,공립,,59328.0
영월동굴생태관,강원도,문화시설,박물관,공립,무료,27212.0
강원도탄광문화촌,강원도,문화시설,박물관,공립,,48569.0
동강생태정보센터,강원도,문화시설,박물관,공립,,23791.0
영월Y파크(술샘박물관),강원도,문화시설,박물관,공립,,15451.0
라디오스타박물관,강원도,문화시설,박물관,공립,,12659.0
단종역사관,강원도,문화시설,박물관,공립,,147621.0
화천민속박물관,강원도,문화시설,박물관,공립,,33006.0
강릉선교장 박물관,강원도,문화시설,박물관,사립,,120000.0
강릉커피박물관,강원도,문화시설,박물관,사립,,34000.0
강원감영관찰사박물관,강원도,문화시설,박물관,사립,,8650.0
강원랜드뿌리관,강원도,문화시설,박물관,사립,,18000.0
동양자수박물관,강원도,문화시설,박물관,사립,,9000.0
만봉불화박물관,강원도,문화시설,박물관,사립,,391.0
만해문학박물관,강원도,문화시설,박물관,사립,,20345.0
무릉고서화미술박물관,강원도,문화시설,박물관,사립,,8650.0
뮤지엄 산(페이퍼갤러리),강원도,문화시설,박물관,사립,무료,212448.0
비엔나인형박물관,강원도,문화시설,박물관,사립,,4742.0
사립강원종합박물관,강원도,문화시설,박물관,사립,,86146.0
삼탄아트마인,강원도,문화시설,박물관,사립,,52000.0
세계민속악기박물관,강원도,문화시설,박물관,사립,,3680.0
손성목영화박물관,강원도,문화시설,박물관,사립,,180000.0
아라리인형의집 인형극 박물관,강원도,문화시설,박물관,사립,,2961.0
엄마꿈박물관,강원도,문화시설,박물관,사립,,10000.0
에디슨과학박물관,강원도,문화시설,박물관,사립,,180000.0
영월곤충박물관,강원도,문화시설,박물관,사립,,23791.0
영월미디어기자박물관,강원도,문화시설,박물관,사립,,6820.0
영월아프리카미술박물관,강원도,문화시설,박물관,사립,,6591.0
영월종교미술박물관,강원도,문화시설,박물관,사립,,1701.0
영월초등교육박물관,강원도,문화시설,박물관,사립,,1236.0
영월화석박물관,강원도,문화시설,박물관,사립,,13500.0
왕조실록의궤박물관,강원도,문화시설,박물관,사립,,11561.0
원주허브팜식물박물관,강원도,문화시설,박물관,사립,,38678.0
월정사성보박물관,강원도,문화시설,박물관,사립,,29838.0
인도미술박물관,강원도,문화시설,박물관,사립,,6242.0
정동진시간박물관,강원도,문화시설,박물관,사립,,175000.0
조선민화박물관,강원도,문화시설,박물관,사립,,10492.0
참소리축음기박물관,강원도,문화시설,박물관,사립,,180000.0
책과인쇄박물관,강원도,문화시설,박물관,사립,,20000.0
추억의박물관,강원도,문화시설,박물관,사립,,18179.0
치악산고판화박물관,강원도,문화시설,박물관,사립,,13282.0
피노키오박물관,강원도,문화시설,박물관,사립,,150000.0
한얼문예박물관,강원도,문화시설,박물관,사립,,1000.0
호안다구박물관,강원도,문화시설,박물관,사립,,2052.0
호야지리박물관,강원도,문화시설,박물관,사립,,3609.0
환희컵 박물관,강원도,문화시설,박물관,사립,,17872.0
LISEUM세계민족악기전시관,강원도,문화시설,박물관,사립,,60000.0
고려궁박물관,강원도,문화시설,박물관,사립,무료,10950.0
인제스피디움 클래식카 박물관,강원도,문화시설,박물관,사립,,7300.0
금강산자연사박물관(휴관),강원도,문화시설,박물관,사립,,
치악민속박물관(휴관),강원도,문화시설,박물관,사립,,
자연아놀자박물관,강원도,문화시설,박물관,사립,,30000.0
경포아쿠아리움,강원도,문화시설,박물관,사립,,20000.0
가톨릭관동대학교 박물관,강원도,문화시설,박물관,대학,,12599.0
강릉원주대학교 박물관,강원도,문화시설,박물관,대학,,3570.0
강원대학교 중앙박물관,강원도,문화시설,박물관,대학,,5147.0
연세대학교 원주박물관,강원도,문화시설,박물관,대학,,11537.0
한림대학교 박물관,강원도,문화시설,박물관,대학,,2394.0
국립청주박물관,충청북도,문화시설,박물관,국립,무료,444191.0
공군박물관,충청북도,문화시설,박물관,국립,,17112.0
감우재전승기념관,충청북도,문화시설,박물관,공립,,10480.0
난계국악박물관,충청북도,문화시설,박물관,공립,,65397.0
농업역사박물관,충청북도,문화시설,박물관,공립,,7520.0
보은향토민속자료전시관,충청북도,문화시설,박물관,공립,,1630.0
솔향공원 소나무전시관,충청북도,문화시설,박물관,공립,무료,103400.0
수양개선사유물전시관,충청북도,문화시설,박물관,공립,,8552.0
영동향토민속자료전시관,충청북도,문화시설,박물관,공립,,5047.0
옥천향토전시관,충청북도,문화시설,박물관,공립,,15550.0
음성군 향토민속자료전시관,충청북도,문화시설,박물관,공립,,4000.0
의림지 역사박물관,충청북도,문화시설,박물관,공립,,139692.0
제8대유엔사무총장반기문 평화기념관,충청북도,문화시설,박물관,공립,,23191.0
제천국제발효박물관,충청북도,문화시설,박물관,공립,,295820.0
제천유물전시관,충청북도,문화시설,박물관,공립,,261432.0
제천의병전시관,충청북도,문화시설,박물관,공립,,15627.0
조동리선사유적박물관,충청북도,문화시설,박물관,공립,,34874.0
증평민속체험박물관,충청북도,문화시설,박물관,공립,,51436.0
진천종박물관,충청북도,문화시설,박물관,공립,무료,52883.0
청주고인쇄박물관,충청북도,문화시설,박물관,공립,,91967.0
청주백제유물전시관,충청북도,문화시설,박물관,공립,,26333.0
충렬사 유물전시관,충청북도,문화시설,박물관,공립,,21125.0
충북교육박물관,충청북도,문화시설,박물관,공립,,7034.0
충주박물관,충청북도,문화시설,박물관,공립,,128679.0
충주세계무술박물관,충청북도,문화시설,박물관,공립,,70730.0
충청북도농업과학관,충청북도,문화시설,박물관,공립,,48298.0
한지체험박물관,충청북도,문화시설,박물관,공립,,6681.0
가산박물관,충청북도,문화시설,박물관,사립,,730.0
농민문학기념관,충청북도,문화시설,박물관,사립,,550.0
동곡박물관,충청북도,문화시설,박물관,사립,,30.0
불교천태중앙박물관,충청북도,문화시설,박물관,사립,,100605.0
세계술문화박물관,충청북도,문화시설,박물관,사립,,22002.0
지적박물관,충청북도,문화시설,박물관,사립,,2871.0
철박물관,충청북도,문화시설,박물관,사립,,10295.0
한국잠사박물관,충청북도,문화시설,박물관,사립,,27000.0
한국차문화박물관,충청북도,문화시설,박물관,사립,,2000.0
한독의약박물관,충청북도,문화시설,박물관,사립,,26842.0
매괴박물관,충청북도,문화시설,박물관,사립,,45054.0
예뿌리민속박물관(휴관),충청북도,문화시설,박물관,사립,,
중원대학교 박물관,충청북도,문화시설,박물관,대학,,8905.0
청주대학교 박물관,충청북도,문화시설,박물관,대학,,1801.0
충북대학교 박물관,충청북도,문화시설,박물관,대학,,20205.0
한국교원대학교 교육박물관,충청북도,문화시설,박물관,대학,,17526.0
한국교통대학교 박물관,충청북도,문화시설,박물관,대학,,1673675.0
국립공주박물관,충청남도,문화시설,박물관,국립,,695886.0
국립부여박물관,충청남도,문화시설,박물관,국립,,671962.0
국립해양문화재연구소 태안해양유물전시관,충청남도,문화시설,박물관,국립,,77905.0
국립해양생물자원관 씨큐리움,충청남도,문화시설,박물관,국립,무료,214088.0
충무공이순신기념관,충청남도,문화시설,박물관,국립,,977533.0
칠백의총관리소(기념관),충청남도,문화시설,박물관,국립,,62363.0
우정박물관,충청남도,문화시설,박물관,국립,,26060.0
결성농요농사박물관,충청남도,문화시설,박물관,공립,,2600.0
고남패총박물관,충청남도,문화시설,박물관,공립,,26202.0
금산역사문화박물관,충청남도,문화시설,박물관,공립,,21129.0
금산인삼관,충청남도,문화시설,박물관,공립,,38699.0
기지시줄다리기박물관,충청남도,문화시설,박물관,공립,,103057.0
능산리고분군전시관,충청남도,문화시설,박물관,공립,무료,23000.0
백제군사박물관,충청남도,문화시설,박물관,공립,,144227.0
백제역사문화관,충청남도,문화시설,박물관,공립,무료,262914.0
보령박물관,충청남도,문화시설,박물관,공립,,49148.0
보령석탄박물관,충청남도,문화시설,박물관,공립,,92161.0
서천 이하복 고택 전시관,충청남도,문화시설,박물관,공립,,15273.0
석오이동녕기념관,충청남도,문화시설,박물관,공립,,11159.0
석장리박물관,충청남도,문화시설,박물관,공립,,270119.0
송산리고분군모형전시관,충청남도,문화시설,박물관,공립,,304789.0
심훈기념관,충청남도,문화시설,박물관,공립,,45771.0
영인산산림박물관,충청남도,문화시설,박물관,공립,,57400.0
외암민속관,충청남도,문화시설,박물관,공립,,374996.0
유관순열사기념관,충청남도,문화시설,박물관,공립,,264925.0
유류피해극복기념관,충청남도,문화시설,박물관,공립,,84750.0
윤봉길의사기념관,충청남도,문화시설,박물관,공립,무료,103195.0
정림사지박물관,충청남도,문화시설,박물관,공립,,159072.0
천안박물관,충청남도,문화시설,박물관,공립,,150448.0
천안흥타령관,충청남도,문화시설,박물관,공립,,35772.0
청양군백제문화체험박물관,충청남도,문화시설,박물관,공립,,34270.0
충청남도역사박물관,충청남도,문화시설,박물관,공립,,46196.0
합덕수리민속박물관,충청남도,문화시설,박물관,공립,,115071.0
홍주성역사관,충청남도,문화시설,박물관,공립,,36796.0
계룡산자연사박물관,충청남도,문화시설,박물관,사립,1000,120393.0
공주기독교박물관,충청남도,문화시설,박물관,사립,,10000.0
한국민속극박물관,충청남도,문화시설,박물관,사립,,4500.0
도계민화박물관,충청남도,문화시설,박물관,사립,,993.0
독립기념관,충청남도,문화시설,박물관,사립,2000,1795983.0
동산박물관,충청남도,문화시설,박물관,사립,,3300.0
복권박물관,충청남도,문화시설,박물관,사립,,
부여생활사박물관,충청남도,문화시설,박물관,사립,,1000.0
수덕사근역성보관,충청남도,문화시설,박물관,사립,,26978.0
아산정린박물관,충청남도,문화시설,박물관,사립,,2125.0
안면도쥬라기박물관,충청남도,문화시설,박물관,사립,,160000.0
온양민속박물관,충청남도,문화시설,박물관,사립,,43596.0
태영민속박물관,충청남도,문화시설,박물관,사립,,2630.0
한국고건축박물관,충청남도,문화시설,박물관,사립,,60000.0
한국도량형박물관,충청남도,문화시설,박물관,사립,무료,8500.0
한국문인인장박물관,충청남도,문화시설,박물관,사립,,1984.0
한국식기박물관,충청남도,문화시설,박물관,사립,,20000.0
한국토종씨앗박물관,충청남도,문화시설,박물관,사립,,3000.0
공주대학교 박물관,충청남도,문화시설,박물관,대학,,730.0
공주교육대학교 박물관,충청남도,문화시설,박물관,대학,,600.0
백석대학교 기독교박물관,충청남도,문화시설,박물관,대학,,7671.0
선문대학교 박물관,충청남도,문화시설,박물관,대학,,5000.0
한서대학교 박물관,충청남도,문화시설,박물관,대학,,2053.0
국립익산박물관,전라북도,문화시설,박물관,국립,,243299.0
국립전주박물관,전라북도,문화시설,박물관,국립,무료,447970.0
국립태권도박물관,전라북도,문화시설,박물관,국립,,93450.0
국립전사박물관,전라북도,문화시설,박물관,국립,,15000.0
고부역사문화관,전라북도,문화시설,박물관,공립,,240.0
고창고인돌박물관,전라북도,문화시설,박물관,공립,,198928.0
고창판소리박물관,전라북도,문화시설,박물관,공립,,100221.0
구파백정기의사기념관,전라북도,문화시설,박물관,공립,,24037.0
군산근대역사박물관,전라북도,문화시설,박물관,공립,무료,949001.0
남원향토박물관,전라북도,문화시설,박물관,공립,,128759.0
대한민국술테마박물관,전라북도,문화시설,박물관,공립,,58264.0
마한박물관,전라북도,문화시설,박물관,공립,,47461.0
무주곤충박물관,전라북도,문화시설,박물관,공립,,108536.0
벽골제농경문화박물관,전라북도,문화시설,박물관,공립,,746195.0
보석박물관,전라북도,문화시설,박물관,공립,,209366.0
부안청자박물관,전라북도,문화시설,박물관,공립,무료,113129.0
순창장류박물관,전라북도,문화시설,박물관,공립,,23598.0
신평면 생활사박물관,전라북도,문화시설,박물관,공립,,600.0
어진박물관,전라북도,문화시설,박물관,공립,,822577.0
왕궁리유적전시관,전라북도,문화시설,박물관,공립,,139831.0
입점리고분전시관,전라북도,문화시설,박물관,공립,,22797.0
전북산림박물관,전라북도,문화시설,박물관,공립,,188973.0
전주역사박물관,전라북도,문화시설,박물관,공립,,101903.0
전주전통술박물관,전라북도,문화시설,박물관,공립,무료,462890.0
정읍시립박물관,전라북도,문화시설,박물관,공립,,50708.0
진안역사박물관,전라북도,문화시설,박물관,공립,,15063.0
진안가위박물관,전라북도,문화시설,박물관,공립,,34210.0
동학농민혁명기념관,전라북도,문화시설,박물관,공립,,78018.0
금산사 성보박물관,전라북도,문화시설,박물관,사립,,2400.0
예수병원의학박물관,전라북도,문화시설,박물관,사립,,11000.0
원불교역사박물관,전라북도,문화시설,박물관,사립,,30000.0
원숭이학교 자연사박물관,전라북도,문화시설,박물관,사립,,46967.0
전주한지박물관,전라북도,문화시설,박물관,사립,,26146.0
완주책박물관,전라북도,문화시설,박물관,사립,,28799.0
천호가톨릭성물박물관,전라북도,문화시설,박물관,사립,,30000.0
충간공보물제651호박물관,전라북도,문화시설,박물관,사립,,1500.0
카메라영상박물관,전라북도,문화시설,박물관,사립,,1000.0
군산대학교 박물관,전라북도,문화시설,박물관,대학,,9000.0
원광대학교 박물관,전라북도,문화시설,박물관,대학,,27138.0
전북대학교 박물관,전라북도,문화시설,박물관,대학,,65000.0
전주대학교 박물관,전라북도,문화시설,박물관,대학,무료,19260.0
국립나주박물관,전라남도,문화시설,박물관,국립,,252812.0
국립해양문화재연구소 해양유물전시관,전라남도,문화시설,박물관,국립,무료,194579.0
다산박물관,전라남도,문화시설,박물관,공립,,89795.0
고려청자박물관,전라남도,문화시설,박물관,공립,무료,113576.0
고산윤선도유물전시관,전라남도,문화시설,박물관,공립,,80631.0
고흥갑재민속전시관,전라남도,문화시설,박물관,공립,,2011.0
고흥분청문화박물관,전라남도,문화시설,박물관,공립,무료,61107.0
광양역사문화관,전라남도,문화시설,박물관,공립,,19563.0
김대중노벨평화상기념관,전라남도,문화시설,박물관,공립,,247303.0
나주배박물관,전라남도,문화시설,박물관,공립,,5719.0
낙안읍성자료관,전라남도,문화시설,박물관,공립,,14400.0
목포문학관,전라남도,문화시설,박물관,공립,,20652.0
목포생활도자박물관,전라남도,문화시설,박물관,공립,,442606.0
목포자연사박물관,전라남도,문화시설,박물관,공립,,442606.0
목포근대역사관1관,전라남도,문화시설,박물관,공립,,268158.0
목포근대역사관2관,전라남도,문화시설,박물관,공립,,
백호문학관,전라남도,문화시설,박물관,공립,,5625.0
순천만자연생태관,전라남도,문화시설,박물관,공립,,2000000.0
순천시기독교역사박물관,전라남도,문화시설,박물관,공립,,43654.0
순천시립뿌리깊은나무박물관,전라남도,문화시설,박물관,공립,,63137.0
여수민속전시관,전라남도,문화시설,박물관,공립,,12498.0
시문학파기념관,전라남도,문화시설,박물관,공립,,50824.0
영암도기박물관,전라남도,문화시설,박물관,공립,,35872.0
장보고기념관,전라남도,문화시설,박물관,공립,,120000.0
전라남도농업박물관,전라남도,문화시설,박물관,공립,,227814.0
전라남도산림박물관,전라남도,문화시설,박물관,공립,,150000.0
전라병영성 하멜기념관,전라남도,문화시설,박물관,공립,,36000.0
증도갯벌생태전시관,전라남도,문화시설,박물관,공립,,34300.0
진도역사관,전라남도,문화시설,박물관,공립,,167465.0
필암서원 유물전시관,전라남도,문화시설,박물관,공립,,10740.0
하의3도농민운동기념관,전라남도,문화시설,박물관,공립,,33200.0
한국대나무박물관,전라남도,문화시설,박물관,공립,무료,56157.0
한국민화뮤지엄,전라남도,문화시설,박물관,공립,,37336.0
한국압화박물관,전라남도,문화시설,박물관,공립,,18215.0
한국차박물관,전라남도,문화시설,박물관,공립,,238269.0
한국천연염색박물관,전라남도,문화시설,박물관,공립,,98326.0
해남공룡박물관,전라남도,문화시설,박물관,공립,무료,165283.0
홍길동 전시관,전라남도,문화시설,박물관,공립,,9000.0
왕인박사기념관,전라남도,문화시설,박물관,공립,,
동학농민혁명기념관,전라남도,문화시설,박물관,공립,,16430.0
방촌유물전시관,전라남도,문화시설,박물관,공립,,6703.0
에로스서각박물관,전라남도,문화시설,박물관,공립,,464617.0
세계화석광물박물관,전라남도,문화시설,박물관,공립,,21871.0
귀족호도박물관,전라남도,문화시설,박물관,사립,,36500.0
규남박물관,전라남도,문화시설,박물관,사립,,24000.0
나야나 교육 박물관,전라남도,문화시설,박물관,사립,,30000.0
담양우표박물관,전라남도,문화시설,박물관,사립,,3000.0
땅끝해양자연사박물관,전라남도,문화시설,박물관,사립,,49963.0
대원사 티벳박물관,전라남도,문화시설,박물관,사립,,7000.0
대흥사성보박물관,전라남도,문화시설,박물관,사립,,47000.0
도갑사 성보박물관,전라남도,문화시설,박물관,사립,,30000.0
미암박물관,전라남도,문화시설,박물관,사립,,3300.0
송광사성보박물관,전라남도,문화시설,박물관,사립,,40000.0
수다라성보박물관,전라남도,문화시설,박물관,사립,무료,76230.0
와보랑께박물관,전라남도,문화시설,박물관,사립,무료,4000.0
우리삶문화옥당박물관,전라남도,문화시설,박물관,사립,,22000.0
화엄사성보박물관,전라남도,문화시설,박물관,사립,,471628.0
청우요도자기박물관,전라남도,문화시설,박물관,사립,,390.0
히든트릭박물관(휴관),전라남도,문화시설,박물관,사립,,
선암사성보박물관(휴관),전라남도,문화시설,박물관,사립,,
동신대학교 문화박물관,전라남도,문화시설,박물관,대학,,1600.0
목포대학교 박물관,전라남도,문화시설,박물관,대학,,30000.0
순천대학교 박물관,전라남도,문화시설,박물관,대학,,22108.0
국립경주박물관,경상북도,문화시설,박물관,국립,,1251196.0
국립낙동강생물자원관,경상북도,문화시설,박물관,국립,무료,236295.0
국립등대박물관,경상북도,문화시설,박물관,국립,,967135.0
경산시립박물관,경상북도,문화시설,박물관,공립,,100577.0
경상북도산림과학박물관,경상북도,문화시설,박물관,공립,,119756.0
구미시립민속관,경상북도,문화시설,박물관,공립,,
군위숭덕박물관,경상북도,문화시설,박물관,공립,,240.0
김천세계도자기박물관,경상북도,문화시설,박물관,공립,,16314.0
대가야박물관,경상북도,문화시설,박물관,공립,1000,136819.0
독도박물관,경상북도,문화시설,박물관,공립,,222340.0
문경도자기박물관,경상북도,문화시설,박물관,공립,,125164.0
문경석탄박물관,경상북도,문화시설,박물관,공립,,184064.0
문경자연생태박물관,경상북도,문화시설,박물관,공립,,26021.0
사촌마을자료관,경상북도,문화시설,박물관,공립,,2200.0
삼성현역사문화관,경상북도,문화시설,박물관,공립,,44529.0
상주박물관,경상북도,문화시설,박물관,공립,,98478.0
상주동학교당유물전시관,경상북도,문화시설,박물관,공립,,5565.0
상주자전거박물관,경상북도,문화시설,박물관,공립,,101912.0
소수박물관,경상북도,문화시설,박물관,공립,,341635.0
안동민속박물관,경상북도,문화시설,박물관,공립,,136535.0
영일민속박물관,경상북도,문화시설,박물관,공립,,10372.0
영양산촌생활박물관,경상북도,문화시설,박물관,공립,,25000.0
예천박물관,경상북도,문화시설,박물관,공립,,
옛길박물관,경상북도,문화시설,박물관,공립,,46691.0
옥진각,경상북도,문화시설,박물관,공립,,254725.0
우륵박물관,경상북도,문화시설,박물관,공립,,31651.0
운강이강년기념관,경상북도,문화시설,박물관,공립,,12873.0
울진 봉평리 신라비 전시관,경상북도,문화시설,박물관,공립,,17100.0
의성조문국박물관,경상북도,문화시설,박물관,공립,,104038.0
인삼박물관,경상북도,문화시설,박물관,공립,,16159.0
전통문화콘텐츠박물관,경상북도,문화시설,박물관,공립,,19074.0
정기룡장군유물전시관,경상북도,문화시설,박물관,공립,,3875.0
청도박물관,경상북도,문화시설,박물관,공립,,49886.0
청송민속박물관,경상북도,문화시설,박물관,공립,,13613.0
청송수석꽃돌박물관,경상북도,문화시설,박물관,공립,,10197.0
칠곡호국평화기념관,경상북도,문화시설,박물관,공립,무료,162265.0
함창명주박물관,경상북도,문화시설,박물관,공립,,13391.0
청량산박물관,경상북도,문화시설,박물관,공립,,61255.0
총재박물관,경상북도,문화시설,박물관,공립,,27000.0
박열의사기념관,경상북도,문화시설,박물관,공립,,15053.0
경산공룡박물관,경상북도,문화시설,박물관,사립,,9850.0
경상북도독립운동기념관,경상북도,문화시설,박물관,사립,무료,27739.0
경상북도문화재연구원박물관,경상북도,문화시설,박물관,사립,,1520.0
경주테디베어박물관,경상북도,문화시설,박물관,사립,,62383.0
금오민속박물관,경상북도,문화시설,박물관,사립,,11003.0
보경사성보박물관,경상북도,문화시설,박물관,사립,,
부석사성보박물관,경상북도,문화시설,박물관,사립,,
불국사박물관,경상북도,문화시설,박물관,사립,,63791.0
안동소주박물관,경상북도,문화시설,박물관,사립,,31600.0
용문사성보유물관,경상북도,문화시설,박물관,사립,,25000.0
유교문화박물관,경상북도,문화시설,박물관,사립,,22215.0
은해사성보박물관,경상북도,문화시설,박물관,사립,,20446.0
잉카마야박물관,경상북도,문화시설,박물관,사립,,1530.0
직지성보박물관,경상북도,문화시설,박물관,사립,,6962.0
포스코역사박물관,경상북도,문화시설,박물관,사립,,80000.0
포항바다화석박물관,경상북도,문화시설,박물관,사립,,57850.0
하회세계탈박물관,경상북도,문화시설,박물관,사립,,553355.0
한국대중음악박물관,경상북도,문화시설,박물관,사립,,40000.0
안다미로귀때박물관,경상북도,문화시설,박물관,사립,,600.0
경북과학대학교 박물관,경상북도,문화시설,박물관,대학,,7200.0
경북대학교자연사박물관,경상북도,문화시설,박물관,대학,,10187.0
경주대학교 박물관,경상북도,문화시설,박물관,대학,,500.0
대구가톨릭대학교 역사박물관,경상북도,문화시설,박물관,대학,,4853.0
대구대학교 중앙박물관,경상북도,문화시설,박물관,대학,무료,14529.0
대구한의대학교 박물관,경상북도,문화시설,박물관,대학,,53590.0
동국대학교 경주캠퍼스 박물관,경상북도,문화시설,박물관,대학,,10000.0
안동대학교 박물관,경상북도,문화시설,박물관,대학,,7100.0
영남대학교 자연박물관,경상북도,문화시설,박물관,대학,,3595.0
영남대학교 박물관,경상북도,문화시설,박물관,대학,,15651.0
위덕대학교 박물관,경상북도,문화시설,박물관,대학,,1200.0
국립김해박물관,경상남도,문화시설,박물관,국립,무료,419661.0
국립진주박물관,경상남도,문화시설,박물관,국립,,444638.0
해군사관학교박물관,경상남도,문화시설,박물관,국립,,142733.0
거제어촌민속전시관,경상남도,문화시설,박물관,공립,,144521.0
거창박물관,경상남도,문화시설,박물관,공립,,23100.0
경상남도 산림박물관,경상남도,문화시설,박물관,공립,,317477.0
고성공룡박물관,경상남도,문화시설,박물관,공립,,253695.0
고성박물관,경상남도,문화시설,박물관,공립,,54140.0
고성수석전시관(휴관),경상남도,문화시설,박물관,공립,,222354.0
고성자연사박물관(휴관),경상남도,문화시설,박물관,공립,,222354.0
고성탈박물관,경상남도,문화시설,박물관,공립,,9189.0
김해목재문화박물관,경상남도,문화시설,박물관,공립,,62270.0
김해분청도자박물관,경상남도,문화시설,박물관,공립,,23878.0
김해민속박물관,경상남도,문화시설,박물관,공립,,31351.0
김해화포천습지 생태박물관,경상남도,문화시설,박물관,공립,,33313.0
남명기념관,경상남도,문화시설,박물관,공립,,53730.0
남해유배문학관,경상남도,문화시설,박물관,공립,,37050.0
대성동고분박물관,경상남도,문화시설,박물관,공립,,334947.0
목면시배유지,경상남도,문화시설,박물관,공립,,26281.0
밀양시립박물관,경상남도,문화시설,박물관,공립,,50685.0
박진전쟁기념관,경상남도,문화시설,박물관,공립,,19424.0
봉황동유적 패총단면전시관,경상남도,문화시설,박물관,공립,,14000.0
산청박물관,경상남도,문화시설,박물관,공립,,70979.0
산청한의학박물관,경상남도,문화시설,박물관,공립,,202130.0
성산패총전시관,경상남도,문화시설,박물관,공립,,10490.0
안동문화의집,경상남도,문화시설,박물관,공립,,17795.0
양산시립박물관,경상남도,문화시설,박물관,공립,,143993.0
웅천도요지전시관,경상남도,문화시설,박물관,공립,,23015.0
의병박물관,경상남도,문화시설,박물관,공립,무료,233157.0
지리산빨치산토벌전시관,경상남도,문화시설,박물관,공립,,9907.0
지리산역사관,경상남도,문화시설,박물관,공립,,3509.0
진영문화의집,경상남도,문화시설,박물관,공립,,41000.0
진주청동기문화박물관,경상남도,문화시설,박물관,공립,,61577.0
창녕박물관,경상남도,문화시설,박물관,공립,,50877.0
창녕비봉리패총전시관,경상남도,문화시설,박물관,공립,,5560.0
창원시립마산박물관,경상남도,문화시설,박물관,공립,,67435.0
창원시립진해박물관,경상남도,문화시설,박물관,공립,,95536.0
창원역사민속관,경상남도,문화시설,박물관,공립,,61167.0
통영시립박물관,경상남도,문화시설,박물관,공립,,23140.0
하동야생차박물관,경상남도,문화시설,박물관,공립,,54206.0
함안박물관,경상남도,문화시설,박물관,공립,,57599.0
함양박물관,경상남도,문화시설,박물관,공립,,70418.0
합천박물관,경상남도,문화시설,박물관,공립,,25000.0
항일독립운동가 주기철목사기념관,경상남도,문화시설,박물관,공립,,21690.0
진주익룡발자국전시관,경상남도,문화시설,박물관,공립,,19780.0
김해시수도박물관,경상남도,문화시설,박물관,공립,,11676.0
김해문화의집,경상남도,문화시설,박물관,공립,,37560.0
진영역철도박물관,경상남도,문화시설,박물관,공립,,7600.0
청마기념관,경상남도,문화시설,박물관,공립,,39795.0
거제민속박물관,경상남도,문화시설,박물관,사립,,10570.0
거제박물관,경상남도,문화시설,박물관,사립,,7200.0
김해한림박물관,경상남도,문화시설,박물관,사립,,5500.0
미리벌민속박물관,경상남도,문화시설,박물관,사립,,6391.0
산청산골박물관,경상남도,문화시설,박물관,사립,,10000.0
얼음골축음기소리박물관,경상남도,문화시설,박물관,사립,,17520.0
영산정사성보박물관,경상남도,문화시설,박물관,사립,,10000.0
옥천사성보박물관,경상남도,문화시설,박물관,사립,,3120.0
외도조경식물원,경상남도,문화시설,박물관,사립,,702685.0
일준부채박물관,경상남도,문화시설,박물관,사립,,2000.0
장사도해상공원,경상남도,문화시설,박물관,사립,,167775.0
장생도라지박물관,경상남도,문화시설,박물관,사립,,4700.0
진주어린이박물관,경상남도,문화시설,박물관,사립,,6000.0
토지주택박물관,경상남도,문화시설,박물관,사립,,30288.0
통도사성보박물관,경상남도,문화시설,박물관,사립,,
포로수용소유적박물관,경상남도,문화시설,박물관,사립,,465463.0
표충사호국박물관,경상남도,문화시설,박물관,사립,,80000.0
합천한의학박물관,경상남도,문화시설,박물관,사립,,17000.0
항공우주박물관,경상남도,문화시설,박물관,사립,,176000.0
해금강테마박물관,경상남도,문화시설,박물관,사립,,120000.0
해인사성보박물관,경상남도,문화시설,박물관,사립,,18565.0
경남대학교 박물관,경상남도,문화시설,박물관,대학,,2656.0
경상대학교 박물관,경상남도,문화시설,박물관,대학,,37072.0
인제대학교 박물관,경상남도,문화시설,박물관,대학,,1000.0
진주교육대학교 박물관,경상남도,문화시설,박물관,대학,,4000.0
창원대학교 박물관,경상남도,문화시설,박물관,대학,,26302.0
국립제주박물관,제주특별자치도,문화시설,박물관,국립,무료,363517.0
감귤박물관,제주특별자치도,문화시설,박물관,공립,,129000.0
김만덕기념관,제주특별자치도,문화시설,박물관,공립,무료,116694.0
설문대여성문화센터 여성역사문화전시관,제주특별자치도,문화시설,박물관,공립,,33255.0
제주4·3평화기념관,제주특별자치도,문화시설,박물관,공립,,418980.0
제주교육박물관,제주특별자치도,문화시설,박물관,공립,,43047.0
제주돌문화공원,제주특별자치도,문화시설,박물관,공립,,224670.0
제주특별자치도 민속자연사박물관,제주특별자치도,문화시설,박물관,공립,,390843.0
해녀박물관,제주특별자치도,문화시설,박물관,공립,,161450.0
제주세계자연유산센터 세계유산전시관,제주특별자치도,문화시설,박물관,공립,,67200.0
제주항일기념관,제주특별자치도,문화시설,박물관,공립,,153557.0
서복전시관,제주특별자치도,문화시설,박물관,공립,,
제주 삼양동 유적,제주특별자치도,문화시설,박물관,공립,,
한국야구명예의전당,제주특별자치도,문화시설,박물관,공립,,
제주목 관아,제주특별자치도,문화시설,박물관,공립,,209645.0
항몽유적지,제주특별자치도,문화시설,박물관,공립,,119456.0
한라산국립공원 산악박물관,제주특별자치도,문화시설,박물관,공립,,10000.0
제주건강과 性 박물관,제주특별자치도,문화시설,박물관,사립,,111073.0
테마공원 선녀와 나무꾼,제주특별자치도,문화시설,박물관,사립,,377568.0
넥슨컴퓨터박물관,제주특별자치도,문화시설,박물관,사립,2000,195248.0
메이즈뮤지움,제주특별자치도,문화시설,박물관,사립,,170000.0
믿거나말거나,제주특별자치도,문화시설,박물관,사립,무료,181245.0
방림원 식물원,제주특별자치도,문화시설,박물관,사립,무료,24160.0
본태박물관,제주특별자치도,문화시설,박물관,사립,,113530.0
생각하는 정원,제주특별자치도,문화시설,박물관,사립,,100000.0
석부작 박물관,제주특별자치도,문화시설,박물관,사립,무료,150000.0
세계술박물관,제주특별자치도,문화시설,박물관,사립,,22000.0
세계오지민속박물관,제주특별자치도,문화시설,박물관,사립,,35000.0
세계자동차&피아노박물관,제주특별자치도,문화시설,박물관,사립,,246589.0
세계조가비박물관,제주특별자치도,문화시설,박물관,사립,,80000.0
소인국테마파크 전시관,제주특별자치도,문화시설,박물관,사립,,360000.0
아프리카박물관,제주특별자치도,문화시설,박물관,사립,,90820.0
에코랜드,제주특별자치도,문화시설,박물관,사립,,1636000.0
여미지식물원,제주특별자치도,문화시설,박물관,사립,,300000.0
이랜드뮤지엄,제주특별자치도,문화시설,박물관,사립,,3000.0
일출랜드 식물원,제주특별자치도,문화시설,박물관,사립,,350000.0
제주민속촌,제주특별자치도,문화시설,박물관,사립,2000,288565.0
제주유리박물관,제주특별자치도,문화시설,박물관,사립,,40000.0
제주테디베어뮤지엄,제주특별자치도,문화시설,박물관,사립,,164000.0
제주 허브동산,제주특별자치도,문화시설,박물관,사립,,250000.0
제주 공룡랜드 전시관,제주특별자치도,문화시설,박물관,사립,,170000.0
세계미니어처 전시관,제주특별자치도,문화시설,박물관,사립,,35585.0
제주아이스뮤지엄 종합전시관,제주특별자치도,문화시설,박물관,사립,,486000.0
제주옹기박물관,제주특별자치도,문화시설,박물관,사립,,5000.0
제주커피박물관바움,제주특별자치도,문화시설,박물관,사립,,109000.0
제주항공우주박물관,제주특별자치도,문화시설,박물관,사립,무료,368684.0
제주해양동물박물관,제주특별자치도,문화시설,박물관,사립,,28692.0
조안베어뮤지엄,제주특별자치도,문화시설,박물관,사립,,73525.0
초콜릿박물관,제주특별자치도,문화시설,박물관,사립,,70000.0
카멜리아힐,제주특별자치도,문화시설,박물관,사립,,867000.0
테지움사파리,제주특별자치도,문화시설,박물관,사립,,170376.0
토이파크 뮤지엄,제주특별자치도,문화시설,박물관,사립,,36000.0
피규어 뮤지엄제주,제주특별자치도,문화시설,박물관,사립,,220000.0
한림공원,제주특별자치도,문화시설,박물관,사립,,487646.0
헬로키티아일랜드,제주특별자치도,문화시설,박물관,사립,,275000.0
휴애리,제주특별자치도,문화시설,박물관,사립,무료,4000000.0
SOS박물관,제주특별자치도,문화시설,박물관,사립,,21994.0
제주평화박물관(휴관),제주특별자치도,문화시설,박물관,사립,,
레오나르도 다빈치 과학박물관(휴관),제주특별자치도,문화시설,박물관,사립,,
보석앤화석박물관(휴관),제주특별자치도,문화시설,박물관,사립,,
탐라신화공원,제주특별자치도,문화시설,박물관,사립,,
닥종이 인형 전시관,제주특별자치도,문화시설,박물관,사립,,
파파월드,제주특별자치도,문화시설,박물관,사립,,
타임파크,제주특별자치도,문화시설,박물관,사립,,
제주대학교 박물관,제주특별자치도,문화시설,박물관,대학,,24065.0
